-- MySQL dump 10.13  Distrib 5.5.35, for debian-linux-gnu (i686)
--
-- Host: localhost    Database: zurich
-- ------------------------------------------------------
-- Server version	5.5.35-0ubuntu0.12.04.2

/*!40101 SET @OLD_CHARACTER_SET_CLIENT=@@CHARACTER_SET_CLIENT */;
/*!40101 SET @OLD_CHARACTER_SET_RESULTS=@@CHARACTER_SET_RESULTS */;
/*!40101 SET @OLD_COLLATION_CONNECTION=@@COLLATION_CONNECTION */;
/*!40101 SET NAMES utf8 */;
/*!40103 SET @OLD_TIME_ZONE=@@TIME_ZONE */;
/*!40103 SET TIME_ZONE='+00:00' */;
/*!40014 SET @OLD_UNIQUE_CHECKS=@@UNIQUE_CHECKS, UNIQUE_CHECKS=0 */;
/*!40014 SET @OLD_FOREIGN_KEY_CHECKS=@@FOREIGN_KEY_CHECKS, FOREIGN_KEY_CHECKS=0 */;
/*!40101 SET @OLD_SQL_MODE=@@SQL_MODE, SQL_MODE='NO_AUTO_VALUE_ON_ZERO' */;
/*!40111 SET @OLD_SQL_NOTES=@@SQL_NOTES, SQL_NOTES=0 */;

--
-- Table structure for table `Category`
--

DROP TABLE IF EXISTS `Category`;
/*!40101 SET @saved_cs_client     = @@character_set_client */;
/*!40101 SET character_set_client = utf8 */;
CREATE TABLE `Category` (
  `id` int(11) NOT NULL AUTO_INCREMENT COMMENT 'unique id',
  `name` varchar(50) COLLATE utf8_unicode_ci NOT NULL COMMENT 'name of category',
  `description` varchar(100) COLLATE utf8_unicode_ci DEFAULT NULL COMMENT 'description of category',
  PRIMARY KEY (`id`)
) ENGINE=MyISAM AUTO_INCREMENT=17 DEFAULT CHARSET=utf8 COLLATE=utf8_unicode_ci;
/*!40101 SET character_set_client = @saved_cs_client */;

--
-- Dumping data for table `Category`
--

LOCK TABLES `Category` WRITE;
/*!40000 ALTER TABLE `Category` DISABLE KEYS */;
INSERT INTO `Category` VALUES (4,'ювелирные изделия',''),(3,'одежда',''),(5,'бижутерия',''),(6,'часы',''),(8,'одежда верхняя','куртки, пальто, пуховики'),(9,'обувь',''),(10,'аксессуары','( сумки, ремни, шарфы )'),(11,'парфюмерия',''),(12,'оборудование',''),(13,'товары для детей',''),(14,'интерьер',''),(15,'другое',''),(16,'услуги','');
/*!40000 ALTER TABLE `Category` ENABLE KEYS */;
UNLOCK TABLES;

--
-- Table structure for table `Commodity`
--

DROP TABLE IF EXISTS `Commodity`;
/*!40101 SET @saved_cs_client     = @@character_set_client */;
/*!40101 SET character_set_client = utf8 */;
CREATE TABLE `Commodity` (
  `id` int(10) unsigned NOT NULL AUTO_INCREMENT,
  `category_id` int(11) DEFAULT NULL,
  `name` varchar(100) COLLATE utf8_bin DEFAULT NULL,
  `description` varchar(255) COLLATE utf8_bin DEFAULT NULL,
  PRIMARY KEY (`id`)
) ENGINE=MyISAM AUTO_INCREMENT=130 DEFAULT CHARSET=utf8 COLLATE=utf8_bin PACK_KEYS=0;
/*!40101 SET character_set_client = @saved_cs_client */;

--
-- Dumping data for table `Commodity`
--

LOCK TABLES `Commodity` WRITE;
/*!40000 ALTER TABLE `Commodity` DISABLE KEYS */;
INSERT INTO `Commodity` VALUES (9,3,'джинсы',''),(8,3,'штаны',''),(6,3,'футболки',''),(7,3,'рубашки',''),(10,10,'ремни',''),(11,3,'свитера',''),(12,3,'кепки',''),(13,3,'кроссовки',''),(14,9,'ботинки',''),(17,3,'джемпер',''),(16,9,'сандалии',''),(18,11,'шампунь',''),(19,11,'лосьйон для тела',''),(20,5,'бусы, цепи','бижутерия'),(21,5,'браслеты','бижутерия'),(22,5,'серьги','бижутерия'),(23,10,'трость','аксессуары'),(24,9,'обувь женская',''),(25,9,'обувь женская зимняя',''),(26,10,'сумки женские',''),(27,10,'портмоне женское',''),(28,9,'обувь мужская',''),(29,9,'обувь мужская зимняя',''),(30,4,'бусы, цепи','ювелирные изделия'),(31,4,'серьги','ювелирные изделия'),(32,12,'инструменты музыкальные',''),(33,3,'одежда для беременных','одежда'),(34,3,'женские костюмы',''),(35,3,'верхняя женская одежда',''),(36,3,'женские платья',''),(37,3,'платок женский',''),(38,13,'игрушки','для детей'),(39,13,'книги','для детей'),(40,10,'рюкзаки',''),(41,10,'зонты',''),(42,10,'часы','спортивные'),(43,9,'кеды',''),(44,3,'куртки спортивные',''),(45,14,'статуи и статуэтки',''),(46,15,'канцтовары',''),(47,14,'предметы интерьера','мелкие бесполезные изделия'),(48,3,'верхняя мужская одежда',''),(49,5,'женские украшения','бижутерия'),(50,15,'цветы',''),(51,12,'мобильные телефоны',''),(52,5,'кольца','бижутерия'),(53,4,'кольца','ювелирные изделия'),(54,14,'картины',''),(55,15,'интимные товары',''),(56,4,'часы','дорогие'),(57,11,'мыло',''),(58,14,'люстры',''),(59,14,'вазы',''),(60,3,'шарф женский',''),(61,14,'стулья',''),(62,14,'диваны',''),(63,14,'кровати',''),(64,14,'светильники',''),(65,3,'перчатки',''),(66,9,'туфли женские',''),(67,9,'туфли мужские',''),(68,3,'шапки вязаные',''),(69,3,'пальто мужские',''),(70,3,'пальто женские',''),(71,10,'сумки мужские',''),(72,3,'лыжные костюмы',''),(73,10,'очки солнцезащитные',''),(74,10,'очки оптические',''),(75,3,'костюмы мужские',''),(76,3,'блузы женские',''),(77,3,'нижнее женское белье',''),(78,15,'сувениры',''),(79,11,'парфюмерия',''),(80,11,'крем',''),(81,12,'ножи',''),(82,15,'табак',''),(83,4,'браслеты','ювелирные изделия'),(84,5,'часы стильные','бижутерия'),(85,3,'юбки женские',''),(86,3,'военная одежда',''),(87,15,'открытки',''),(88,16,'татуировки','услуги'),(89,10,'запонки','бижутерия'),(90,3,'рубашки мужские','под классический костюм'),(91,14,'матрацы',''),(92,15,'лыжи, доски, санки',''),(93,12,'аксессуары для мобильных телефонов',''),(94,15,'швейные машинки',''),(95,3,'свадебные платья',''),(96,15,'Вино',''),(97,14,'ковры',''),(98,3,'одежда для детей',''),(99,3,'носки',''),(100,15,'кондитерская',''),(101,14,'подушки',''),(102,4,'посуда','ювелирные изделия'),(103,3,'женские штаны',''),(104,3,'шарф мужской',''),(105,3,'шляпки женские',''),(106,15,'спальные пренадлежности','подушки, простыни'),(107,15,'игрушки новогодние',''),(108,4,'предметы интерьера, золото/серебро',''),(109,3,'колготы женские',''),(110,3,'свитер женский',''),(111,12,'фотоаппараты',''),(112,3,'купальные костюмы женские',''),(113,10,'пуговицы',''),(114,15,'CD disc, Vinyl disc',''),(115,12,'звуковое оборудование',''),(116,15,'сигары, сигареты, табак',''),(117,3,'нижнее мужское белье',''),(118,3,'мужские галстуки',''),(119,11,'косметика женская',''),(120,15,'DVD films',''),(121,15,'DVD games',''),(122,10,'ручки','пишушие принадлежности'),(123,15,'плед',''),(124,15,'полотенце',''),(125,15,'постельное белье',''),(126,12,'Бытовая техника',''),(127,3,'пижама',''),(128,12,'стрижка волос оборудование',''),(129,14,'посуда','');
/*!40000 ALTER TABLE `Commodity` ENABLE KEYS */;
UNLOCK TABLES;

--
-- Table structure for table `Point`
--

DROP TABLE IF EXISTS `Point`;
/*!40101 SET @saved_cs_client     = @@character_set_client */;
/*!40101 SET character_set_client = utf8 */;
CREATE TABLE `Point` (
  `id` int(10) unsigned NOT NULL AUTO_INCREMENT,
  `name` varchar(100) COLLATE utf8_bin NOT NULL,
  `svg_id` varchar(50) COLLATE utf8_bin NOT NULL,
  `photo` varchar(150) COLLATE utf8_bin DEFAULT NULL,
  `address` varchar(150) COLLATE utf8_bin DEFAULT NULL,
  `phone` varchar(30) COLLATE utf8_bin DEFAULT NULL,
  `url` varchar(50) COLLATE utf8_bin DEFAULT NULL,
  `video_file_name` varchar(50) COLLATE utf8_bin DEFAULT NULL,
  `video_file_time` varchar(10) COLLATE utf8_bin DEFAULT NULL,
  `description` varchar(255) COLLATE utf8_bin DEFAULT NULL,
  PRIMARY KEY (`id`)
) ENGINE=MyISAM AUTO_INCREMENT=518 DEFAULT CHARSET=utf8 COLLATE=utf8_bin PACK_KEYS=0;
/*!40101 SET character_set_client = @saved_cs_client */;

--
-- Dumping data for table `Point`
--

LOCK TABLES `Point` WRITE;
/*!40000 ALTER TABLE `Point` DISABLE KEYS */;
INSERT INTO `Point` VALUES (7,'jamarico','point_brungasse_00','IMG_2426.JPG','Hirschenplatz, 18','043 243 72 88','http://www.jamarico.ch/','brunngasse','00:17','одежда для teenager-ов'),(8,'G Vision','point_brungasse_01','IMG_2425.JPG','Brungasse, 1','','http://www.thegvision.ch/','brunngasse','2:27','stuff for body, for hair'),(9,'Olga Ribler','point_brungasse_02','IMG_2424.JPG','Brunngasse, 3','','http://en.yelp.ch/biz/by-olga-ribler-z%C3%BCrich','brunngasse, 3','0:50','бижутерия'),(10,'NAO','point_brungasse_03','IMG_2423.JPG IMG_2422.JPG','brunngasse, 3','','http://www.naodobrasil-zurich.ch/','brunngasse','00:58','обувь для teenage-ов'),(11,'schuh-komfort','point_brungasse_04','IMG_2421.JPG','brunngasse, 11','','','brunngasse','01:17',''),(12,'Bernhard Kunz','point_brungasse_05','IMG_2420.JPG','Brunngasse, 11','','','brunngasse','01:36',''),(13,'Yves Betschmann Goldschmied','point_brungasse_06','IMG_2417.JPG','Brunngasse - Froschau-Gasse','','http://www.yvesbetschmann.ch/','brunngasse','01:48',''),(14,'MusikHug','point_grossmunster_00','IMG_2375.JPG','Grossmünsterplatz 9','','','grossmunster.mp4','0:30',''),(15,'Las Perlitas','point_grossmunster_01','IMG_2377.JPG IMG_2376.JPG','Grossmünsterplatz 8','','http://www.lasperlitas.ch/','grossmunster.mp4','00:38',''),(16,'Linea','point_grossmunster_02','IMG_2373.JPG IMG_2374.JPG','Grossmünsterplatz 6','','http://www.donnalesboutiques.ch/','grossmunster.mp4','00:47',''),(17,'Grab','point_grossmunster_03','IMG_2371.JPG IMG_2372.JPG IMG_2369.JPG','Kirchgasse 10','','','','',''),(18,'Rien ne va plus','point_grossmunster_04','IMG_2370.JPG','Oberdorfstrasse 34','','http://www.riennevaplus.ch/','grossmunster.mp4','01:33',''),(19,'Wenger Victorinox','point_grossmunster_05','IMG_2368.JPG','Oberdorfstrasse 25','','','grossmunster.mp4','01:50',''),(20,'Pomp It Up','point_grossmunster_06','+41 43 268 45 65','Oberdorfstrasse 23','','','grossmunster','02:02',''),(21,'Sherpa','point_grossmunster_06-0','IMG_2366.JPG','Oberdorfstrasse 28','','http://www.sherpaoutdoor.ch/','','',''),(22,'Galerie Alexander E.Raber','point_grossmunster_07','IMG_2364.JPG IMG_2365.JPG','Oberdorfstrasse 21','','http://www.galerie-raeber.ch/','grossmunster','02:30',''),(23,'MiniShop','point_grossmunster_08','IMG_2362.JPG','Oberdorfstrasse 19','','','drossmunster','04:10',''),(24,'Waser','point_grossmunster_09','IMG_2361.JPG','Oberdorfstrasse 24','','','drossmunster','04:17',''),(25,'Stefi Talman','point_grossmunster_10','IMG_2359.JPG','Oberdorfstrasse 13','','','grossmunster','04:32',''),(26,'Levi\'s','point_grossmunster_11','','Oberdorfstrasse 22','','','drossmunster','04:57',''),(27,'Tom Tailor','point_grossmunster_12','IMG_2356.JPG IMG_2357.JPG','Oberdorfstrasse 11','','','grossmunster','05:29',''),(28,'Antigoni','point_grossmunster_13','IMG_2358.JPG','Oberdorfstrasse 14','','','grossmunster','05:35',''),(29,'Flower shop','point_grossmunster_14','IMG_2355.JPG','Oberdorfstrasse 10','','','grossmunster','',''),(30,'Orange','point_grossmunster_15','IMG_2354.JPG','Oberdorfstrasse 8','','','grossmunster','06:14',''),(31,'Pinocchio','point_grossmunster_16','IMG_2352.JPG','Oberdorfstrasse 3','','','grossmunster','06:32',''),(32,'Guess','point_munstergasse_00','IMG_2400.JPG','Marktgasse 12','','http://www.guess.eu/','mustergasse','00 09',''),(33,'Condomeria','point_munstergasse_01','IMG_2399.JPG','Münstergasse 31','','','','','sex-shop'),(34,'Coloritis','point_munstergasse_02','IMG_2398.JPG','Krebsgasse 7','','','munstergasse','00 28',''),(35,'Cornavin','point_munstergasse_03','IMG_2397.JPG','Münstergasse 23','','http://cornavin-watches.com/','munstergasse','00 28',''),(36,'Lush','point_munstergasse_04','IMG_2396.JPG','Münstergasse 23','','http://www.lush-shop.ch/','munstergasse','00 33',''),(37,'Liebeskind','point_munstergasse_05','IMG_2395.JPG IMG_2394.JPG','Münstergasse 21','','http://de.liebeskind-berlin.com/','munstergasse','00 48',''),(38,'Abraha','point_munstergasse_06','IMG_2393.JPG','Münstergasse 24','','','munstergasse','00 58',''),(39,'GJM','point_munstergasse_07','IMG_2391.JPG IMG_2392.JPG','Münstergasse 22','','','munstergasse','',''),(40,'Loco','point_munstergasse_08','IMG_2390.JPG','Münstergasse 13','','www.locodoro.ch','munstergasse','01 53',''),(41,'Le Papillon','point_munstergasse_09','IMG_2388.JPG IMG_2389.JPG','Münstergasse 18','+41 44 261 44 50','http://www.lepapillon.ch/','munstergasse','02 04',''),(42,'Galerie Arti','point_munstergasse_10','IMG_2387.JPG','Münstergasse 8','','http://www.artigalerie.ch/','munstergasse','02 24',''),(43,'George Koutrios','point_munstergasse_11','IMG_2385.JPG','Münstergasse 5','','','','',''),(44,'Goldschmied Schulter','point_munstergasse_12','IMG_2386.JPG','Münstergasse 5','','','Münstergasse','02 42',''),(45,'Merrel','point_munstergasse_13','IMG_2384.JPG IMG_2382.JPG','Münstergasse 5','','','Munstergasse','02 50',''),(46,'Jack Jones','point_munstergasse_14','IMG_2382.JPG','Münstergasse 4','','http://jackjones.com/','munstergasse','02 55',''),(47,'Gaito','point_munstergasse_15','IMG_2380.JPG IMG_2381.JPG','Münstergasse 4','','http://www.gaito.ch/','munstergasse','03 22',''),(48,'Jeans & CO','point_munstergasse_16','IMG_2379.JPG','Münstergasse 2','','http://www.jeans-co.ch/','munstergasse','03 47',''),(49,'Brands & CO','point_munstergasse_17','IMG_2378.JPG','Münstergasse 2','','','munstergasse','03 56',''),(50,'Silsey','point_rindermarkt_00','IMG_2404.JPG IMG_2403.JPG','Rindermarkt 6','','','rindermarkt','00 31',''),(51,'Schatulle','point_rindermarkt_01','IMG_2405.JPG','Rindermarkt 10','','https://www.marimekko.com/schatulle-zuerich-19431','rindermarkt','01 01',''),(52,'Italia shoes','point_rindermarkt_02','IMG_2406.JPG','Rindermarkt 7','','','rindermarkt','01 30',''),(53,'VMC','point_rindermarkt_03','IMG_2407.JPG IMG_2408.JPG','Rindermarkt 8','','http://www.vmcoriginal.com/','Rindermarkt','01 42',''),(54,'Desigual','point_rindermarkt_04','IMG_2402.JPG','Marktgasse 18','','http://www.desigual.com/','rindermarkt','03 26',''),(55,'Jordi','point_Niederdorf_00','IMG_2340.JPG IMG_2491.JPG IMG_2489.JPG','Niederdorfstrasse 88','','','Niederdorf','00 23',''),(56,'Companys','point_Niederdorf_01','IMG_2488.JPG IMG_2487.JPG','Niederdorfstrasse 84','','http://www.companys.com/','niederdorf','00 39',''),(57,'PeakPerformance','point_Niederdorf_02','IMG_2485.JPG IMG_2486.JPG','Niederdorfstrasse 84','','','niederdorf','00 43',''),(58,'Central Jewellery','point_Niederdorf_03','IMG_2484.JPG IMG_2337.JPG','Niederdorfstrasse 71','','http://centraljewellery.ch','niederdorf','00 44',''),(59,'WE','point_Niederdorf_04','IMG_2483.JPG','Niederdorfstrasse 71','','http://wefashion.com/','niederdorf','00 58',''),(60,'Berling','point_Niederdorf_05','IMG_2481.JPG','Niederdorfstrasse 69','','','niederdorf','01 15',''),(61,'Jamarico','point_Niederdorf_06','IMG_2474.JPG IMG_2473.JPG','Niederdorfstrasse 51','','http://www.jamarico.ch/','niederdorf','02 23',''),(62,'Peices','point_Niederdorf_07','IMG_2471.JPG IMG_2470.JPG','Niederdorfstrasse 58','','http://pieces.com/','niederdorf','02 47',''),(63,'Tom Tailor Denim','point_Niederdorf_08','IMG_2468.JPG IMG_2469.JPG','Niederdorfstrasse 43','','http://www.tom-tailor.com/','niederdorf','03 19',''),(64,'Vero Moda','point_Niederdorf_09','IMG_2466.JPG IMG_2465.JPG','Niederdorfstrasse 50','','','niederdorf','03 40',''),(65,'Jack Jones','point_Niederdorf_010','IMG_2467.JPG','Niederdorfstrasse 43','','http://jackjones.ch/','niederdorf','03 54',''),(66,'Shangrilla','point_Niederdorf_010-7','IMG_2464.JPG','Niederdorfstrasse 39','','','niederdorf','04 02',''),(67,'Central Power','point_Niederdorf_012','IMG_2463.JPG','Niederdorfstrasse 39','','','niederdorf','04 00',''),(68,'BSB','point_Niederdorf_013','IMG_2461.JPG IMG_2462.JPG','Niederdorfstrasse 37','','http://www.bsbfashion.com/','niederdorf','04 58',''),(69,'Passimo','point_Niederdorf_014','IMG_2456.JPG IMG_2457.JPG','Mühlegasse 7','','','niederdorf','05 44',''),(70,'Surprise','point_Niederdorf_015','IMG_2458.JPG','Mühlegasse 13','','http://www.revolutionary.ch/','niederdorf','06 24',''),(71,'Nubuc','point_Niederdorf_016','IMG_2459.JPG','Mühlegasse 12','','http://www.nubuc.ch/','niederdorf','06 40',''),(72,'Fera','point_Niederdorf_017','IMG_2451.JPG','Mühlegasse 12','','http://www.feraechtschuh.ch/','niederdorf','06 56',''),(73,'Orange','point_Niederdorf_018','IMG_2450.JPG','Niederdorfstrasse 25','','www.orange.ch','niederdorf','07 29',''),(74,'Muller Optik','point_Niederdorf_019','IMG_2452.JPG','Limmatquai 94','','http://www.mueller-optik.ch/','niederdorf','07 29',''),(75,'Bamburi','point_Niederdorf_021','IMG_2453.JPG','Limmatquai 94','','http://bamburi.ch/','niederdorf','07 44',''),(76,'Ecco','point_Niederdorf_020','IMG_2454.JPG IMG_2455.JPG IMG_2314.JPG','Limmatquai 94','','shopeu.ecco.com','niederdorf','08:05',''),(77,'Camper','point_Niederdorf_022','IMG_2445.JPG IMG_2446.JPG','Niederdorfstrasse 28','','http://www.camper.com/','niederdorf','08 17',''),(78,'Sports Lab','point_Niederdorf_023','IMG_2447.JPG IMG_2443.JPG','Preyergasse 8','','http://www.sportslab.ch/','niederdorf','08 34',''),(79,'Boutique 1','point_Niederdorf_024','IMG_2448.JPG','Preyergasse 8','','','niederdorf','08 54',''),(80,'Fizzen','point_Niederdorf_025','IMG_2449.JPG','Preyergasse 7','','http://www.fizzen.ch/','niederdorf','09 01',''),(81,'Cromwell clothes','point_Niederdorf_026','','Preyergasse 16','','http://cromwell-clothes.com/','niederdorf','09 48',''),(82,'Lacoste','point_Niederdorf_027','IMG_2444.JPG','Niederdorfstrasse 22','','www.lacoste.com','viederdorf','10 18',''),(83,'Beach mountain','point_Niederdorf_028','IMG_2442.JPG IMG_2441.JPG','Niederdorfstrasse 20','','http://www.beachmountain.ch/','niederdorf','11 02',''),(84,'Carhartt','point_Niederdorf_029','IMG_2439.JPG','Niederdorfstrasse 18','','http://www.carhartt-wip.com/','niederdorf','11 27',''),(85,'Sechs Neun','point_Niederdorf_030','IMG_2440.JPG','Niederdorfstrasse 17','','http://www.sechsneun.ch/','niederdorf','11:44',''),(86,'MI SA KO','point_Niederdorf_031','IMG_2437.JPG IMG_2438.JPG','Spitalgasse 5','','http://misako.ch/','niederdorf','12 56',''),(87,'Cara','point_Niederdorf_032','IMG_2435.JPG IMG_2436.JPG','Spitalgasse 5','','','niederdorf','13 08',''),(88,'Soho','point_Niederdorf_033','IMG_2432.JPG IMG_2433.JPG IMG_2434.JPG','Spitalgasse 5','','http://shop.soho.ch/','niederdorf','13 28',''),(89,'Evasion','point_Niederdorf_034','IMG_2431.JPG','Spitalgasse 10','','','niederdorf','14 42',''),(90,'Second Hand','point_Niederdorf_035','IMG_2430.JPG','Spitalgasse 8','','','niederdorf','14 55',''),(91,'Merlin','point_Niederdorf_036','IMG_2428.JPG','Spitalgasse 6','','http://www.merlin-textil.ch/','niederdorf','15 17',''),(92,'Zipper','point_Niederdorf_037','IMG_2416.JPG','Niederdorfstrasse 3','044 252 06 24','','niederdorf','17 13',''),(93,'Booster','point_Niederdorf_038','IMG_2415.JPG IMG_2414.JPG','Niederdorfstrasse 2','','http://www.booster.ch/','niederdorf','17 40',''),(94,'Time Tunnel','point_Niederdorf_039','IMG_2413.JPG','Stüssihofstatt 6','','','niederdorf','17 42',''),(95,'Blenda 2','point_Niederdorf_040','IMG_2411.JPG','Stüssihofstatt 6','','','niederdorf','17 52',''),(96,'Box Store','point_Niederdorf_041','IMG_2410.JPG IMG_2409.JPG','Stüssihofstatt 8','','http://boxonline.ch/','niederdorf','18 11',''),(97,'Ochsner Shoes','point_limmatquai_00','IMG_2338.JPG IMG_2339.JPG','Limmatquai 140','','http://www.ochsner-shoes.ch/','limmatquai','00 12',''),(98,'Berling Optik','point_limmatquai_01','IMG_2334.JPG','Limmatquai 134','','http://www.berling.ch/','limmatquai','00 44',''),(99,'Side step','point_limmatquai_02','IMG_2333.JPG IMG_2332.JPG','Limmatquai 130','','','limmatquai','',''),(100,'Dolmetsch','point_limmatquai_03','IMG_2331.JPG','Limmatquai 130','','','limmatquai','01 07',''),(101,'Chicoree Shoes','point_limmatquai_04','IMG_2329.JPG IMG_2330.JPG','Limmatquai 128','','','limmatquai','01 18',''),(102,'Only','point_limmatquai_05','IMG_2328.JPG IMG_2327.JPG','Limmatquai 120','','','limmatquai','01 27',''),(103,'Jack Jones','point_limmatquai_06','IMG_2325.JPG IMG_2326.JPG','Limmatquai 108','','http://jackjones.ch/','limmatquai','',''),(104,'Da Soul','point_limmatquai_07','IMG_2324.JPG IMG_2323.JPG','Limmatquai 108','','http://www.dasoul.ch/','limmatquai','02 03',''),(105,'Dosenbach','point_limmatquai_08','IMG_2320.JPG IMG_2322.JPG','Limmatquai 102','','','limmatquai','02 35',''),(106,'Get fashion','point_limmatquai_09','IMG_2318.JPG IMG_2319.JPG','Schmidgasse 2','','','limmatquai','02 45',''),(107,'Buffalo','point_limmatquai_10','IMG_2317.JPG','Limmatquai 98','','http://buffalo-shop.de/','limmatquai','02 52',''),(108,'Magic X','point_limmatquai_11','IMG_2316.JPG','Limmatquai 98','','http://filiale.magic-x.ch/filial_suche.php','limmatquai','02 56',''),(109,'Marionnaud','point_limmatquai_12','IMG_2315.JPG','Limmatquai 98','','http://www.marionnaud.ch/','limmatquai','03 00',''),(110,'Companys','point_limmatquai_13','IMG_2313.JPG','Limmatquai 92','','https://www.companys.ch/','limmatquai','03 29',''),(111,'Big','point_limmatquai_14','IMG_2312.JPG','Limmatquai 88','','http://www.bigzh.ch/','limmatquai','03 42',''),(112,'Vero Moda','point_limmatquai_15','IMG_2311.JPG IMG_2310.JPG','Limmatquai 84','','','limmatquai','04 02',''),(113,'Affolter','point_limmatquai_16','IMG_2309.JPG','Limmatquai 82','','','limmatquai','04 15',''),(114,'Geox','point_limmatquai_17','IMG_2308.JPG IMG_2307.JPG','Limmatquai 80','','www.geox.com','limmatquai','04 20',''),(115,'Da Soul','point_limmatquai_18','IMG_2305.JPG IMG_2306.JPG','Limmatquai 78','','www.dasoul.ch','limmatquai','04 40',''),(116,'Allsport','point_limmatquai_19','IMG_2304.JPG','Limmatquai 78','','http://www.ochsport.ch/','limmatquai','78',''),(117,'Anouk','point_limmatquai_20','IMG_2303.JPG IMG_2302.JPG','Limmatquai 76','','http://www.anoukfashion.com','limmatquai','04 49',''),(118,'Werners Head Shop','point_limmatquai_21','IMG_2301.JPG','Limmatquai 74','','www.wernersheadshop.ch','limmatquai','05 07',''),(119,'BREE','point_limmatquai_22','IMG_2300.JPG','Limmatquai 74','','','limmatquai','05 20',''),(120,'Bodum Store','point_limmatquai_23','IMG_2299.JPG','Limmatquai 72','','bodum.com','limmatquai','05 36',''),(121,'Modissa','point_limmatquai_24','IMG_2298.JPG IMG_2297.JPG','Limmatquai 70','','modissa.ch','limmatquai','05 49',''),(122,'Relief','point_limmatquai_25','IMG_2296.JPG IMG_2295.JPG','Stüssihofstatt 17','','','limmatquai','06 07',''),(123,'Nile','point_limmatquai_26','IMG_2294.JPG','Limmatquai 64','','https://www.nile.ch/','limmatquai','06 41',''),(124,'Koch Optik','point_limmatquai_27','IMG_2293.JPG','Limmatquai 62','','www.kochoptik.ch','limmatquai','06 47',''),(125,'Seidenmann','point_limmatquai_28','IMG_2292.JPG','Limmatquai 60','','http://www.seidenmann.ch/','limmatquai','06 57',''),(126,'Christophe Walser','point_limmatquai_29','IMG_2291.JPG','Limmatquai 60','','','limmatquai','07 13',''),(127,'Navyboot','point_limmatquai_30','IMG_2290.JPG','Limmatquai 60','','http://www.navyboot.ch/','limmatquai','07 27',''),(128,'Les Millionnaires','point_limmatquai_31','IMG_2289.JPG','Limmatquai 56','','http://lesmillionnaires.ch/','limmatquai','07 44',''),(129,'Happy feet','point_limmatquai_32','IMG_2288.JPG','Limmatquai 56','','www.happyfeet.com','limmatquai','07 51',''),(130,'Esprit','point_limmatquai_33','IMG_2287.JPG ','Limmatquai 50','','www.esprit.com/','limmatquai','08 24',''),(131,'H&M','point_limmatquai_34','IMG_2286.JPG','Limmatquai 48','','hm.com','limmatquai','08 29',''),(132,'Philippe Pfeiffer','point_limmatquai_35','IMG_2285.JPG IMG_2284.JPG','Limmatquai 46','','http://www.philippepfeiffer.com/','limmatquai','08 45',''),(133,'SuperdryStore','point_limmatquai_36','IMG_2282.JPG','Rüdenplatz 4','','http://www.superdry.com/','limmatquai','09 03',''),(134,'Shava Creation','point_limmatquai_37','IMG_2281.JPG','Nägelihof 4','','www.shava.ch','limmatquai','09 40',''),(135,'Scooter','point_limmatquai_38','IMG_2280.JPG','Limmatquai 40','','','limmatquiai','09 55',''),(136,'Claire\'s','point_limmatquai_39','IMG_2283.JPG','Rüdenplatz 4','','','limmatquai','10 12',''),(137,'Angelico','point_limmatquai_40','IMG_2279.JPG','Limmatquai 40','','http://www.angelico.com/','limmatquai','10 53',''),(138,'Phase Eight','point_limmatquai_41','IMG_2278.JPG IMG_2277.JPG','Limmatquai 38','','http://www.phase-eight.co.uk/','limmatquai','11 06',''),(139,'Fata Morgana','point_limmatquai_42','IMG_2276.JPG','Limmatquai 36','','http://www.fata-morgana.ch/','limmatquai','11 26',''),(140,'Ice Watch','point_limmatquai_43','IMG_2275.JPG','Limmatquai 36','044 251 1982','http://ice-watch.com/','limmatquai','11 34',''),(141,'Teddy\'s souvenir-shop','point_limmatquai_44','IMG_2273.JPG IMG_2274.JPG','Limmatquai 34','','http://www.teddyssouvenirshop.ch/','limmatquai','12 00',''),(142,'Rauber Optik','point_limmatquai_45','IMG_2272.JPG','Limmatquai 32','','','limmatquai','12 11',''),(143,'Musik Hug','point_limmatquai_46','IMG_2270.JPG','Limmatquai 30','','https://www.musikhug.ch/zuerich','limmatquai','12 53',''),(144,'Max Shoes','point_limmatquai_47','IMG_2269.JPG','Limmatquai 26','','http://www.max-shoes.com/','limmatquai','13 28',''),(145,'Ernst Loosli','point_limmatquai_48','IMG_2268.JPG','Limmatquai 24','','http://www.ernstloosli.com/','limmatquai','13 49',''),(146,'Golfino','point_limmatquai_49','IMG_2267.JPG','Limmatquai 22','','http://www.golfino.com/','limmatquai','13 49','golf oriented commodity'),(147,'NAF NAF','point_limmatquai_50','IMG_2266.JPG','Limmatquai 20','','http://www.nafnaf.com/','limmatquai','14 11',''),(148,'Brandy Melville','point_limmatquai_51','IMG_2261.JPG IMG_2260.JPG','Schiffländeplatz 5 ','','https://www.brandymelvilleusa.com/','limmatquai','15 26',''),(149,'Burrioptik','point_limmatquai_52','IMG_2259.JPG','Limmatquai 4','','http://www.burrioptik.ch/','limmatquai','17 22',''),(150,'Marccain','point_limmatquai_53','IMG_2256.JPG','Limmatquai 1','','http://www.marc-cain.com/','limmatquai','18 12',''),(151,'Companys','point_limmatquai_54','IMG_2263.JPG','Schifflände 26','','https://www.companys.ch/','limmatquai','15 10',''),(152,'Mexx','point_limmatquai_55','IMG_2262.JPG','Schifflände 24','','http://www.mexx-store.ch/','limmatquai','15 20',''),(153,'Tierra','point_limmatquai_57','IMG_2258.JPG','Torgasse 1','','','limmatquai','17 30',''),(154,'Kookai','point_limmatquai_58','IMG_2264.JPG','Schifflände 26','','http://www.kookai.com/','limmatquai','15 06',''),(155,'Pompes Funebres','point_limmatquai_58','IMG_2265.JPG','Schifflände 30','','http://www.pompitup.com/','limmatquai','15 06',''),(156,'Mammut','point_lowen_01','IMG_1852.JPG 2013-10-26 08.47.00.jpg','Schützengasse 25','','http://www.mammut.ch/','lowenstrasse','00 11',''),(157,'Excelsior','point_lowen_02','IMG_1849.JPG 2013-10-26 08.45.09.jpg','Löwenstrasse 56','','www.excelsior-classics.ch','lowenstrasse','00 15',''),(158,'Cachet','point_lowen_03','IMG_1851.JPG 2013-10-26 08.27.00.jpg','Löwenstrasse 59','','http://www.cachet.ch/','lowenstrasse','00 17',''),(159,'MobileZone','point_lowen_04','IMG_1850.JPG','Löwenstrasse 56','','http://www.mobilezone.ch/','lowenstrasse','00 37',''),(160,'Lutomirsky','point_lowen_05','IMG_1848.JPG','Löwenstrasse 54','','www.lutomirsky-schuhe.ch','lowenstrasse','00 55',''),(161,'Mettler','point_lowen_06','2013-10-26 08.36.07.jpg IMG_1847.JPG IMG_2237.JPG','Löwenstrasse 53','','http://www.mettlermoden.ch/','lowenstrasse','01 22',''),(162,'PKZ','point_lowen_07','IMG_1846.JPG','Löwenstrasse 51','','http://www.bluedog.ch/','lowenstrasse','01 34',''),(163,'Herren Globus','point_lowen_08','IMG_1869.JPG IMG_2240.JPG','Löwenstrasse 37','','http://www.herrenglobus.ch/de/','lowenstrasse_2','00 21',''),(164,'Clockhouse','point_lowen_09','IMG_1868.JPG','Löwenstrasse 42','','http://www.clockhouse.ch/de','lowenstrasse_2','00 21',''),(165,'Jeans & Co','point_lowen_10','IMG_1871.JPG IMG_1870.JPG','Löwenstrasse 40','','http://www.jeans-co.ch/','lowerstrasse','00 47',''),(166,'Outdoor SportXX','point_lowen_11','IMG_1872.JPG','Löwenstrasse 37','','http://www.sportxx.ch/','lowenstrasse_2','01 09',''),(167,'Naturama','point_lowen_12','IMG_1865.JPG','Löwenstrasse 32','','','lowenstrasse_2','01 26',''),(168,'Chicoree','point_lowen_13','IMG_1873.JPG','Löwenstrasse 29','','http://chicoree.ch','lowenstrasse_2','01 29',''),(169,'Gidor','point_lowen_14','IMG_1874.JPG','Löwenstrasse 29','','http://www.gidor.ch/','lowerstrasse_2','01:29',''),(170,'Mooa','point_lowen_15','IMG_1875.JPG','Löwenstrasse 29','','','lowenstrasse_2','01 32',''),(171,'Zebra','point_lowen_16','IMG_1876.JPG','Löwenstrasse 29','','http://www.zebrafashion.com/','lowenstrasse_2','01 37',''),(172,'Fricker','point_lowen_17','IMG_1861.JPG IMG_1860.JPG IMG_1877.JPG IMG_1845.JPG','Löwenstrasse 28','','http://www.frickershoes.ch/','lowenstrasse_2','01 57',''),(173,'Degas','point_lowen_18','IMG_1879.JPG','Löwenstrasse 25','044 281 17 41  ','','lowenstrasse_2','02 01',''),(174,'Bambus','point_lowen_20','IMG_1859.JPG','Löwenstrasse 26','','','lowenstrasse_2','02 19',''),(175,'Deco','point_lowen_19','IMG_1858.JPG','Löwenstrasse 25','','http://www.deca-fashion.ch/','lowenstrasse_2','02 22',''),(176,'Giahi','point_lowen_21','IMG_1880.JPG IMG_1856.JPG','Löwenstrasse 22','','http://giahi.ch/','lowerstrasse_2','02 34',''),(177,'Buromeier','point_lowen_22','IMG_1881.JPG','Löwenstrasse 19','','http://www.buero-meier.ch/','lowenstrasse','02 47',''),(178,'Caran D\'ache','point_lowen_23','IMG_1857.JPG','Löwenstrasse 19','','http://www.carandache.ch/','lowenstrasse_2','02 47',''),(179,'Reno','point_lowen_24','IMG_1882.JPG IMG_1884.JPG','Löwenstrasse 17','','http://www.reno.de/','lowenstrasse_2','03 05',''),(180,'Patagonia','point_lowen_25','IMG_1855.JPG','Löwenstrasse 14','','http://www.mountain-wilderness-equipment.ch/','lowenstrasse_2','03 22',''),(181,'Artesanos Camiseros','point_lowen_26','IMG_1854.JPG IMG_1891.JPG','Löwenstrasse 12','','http://www.artesanos-camiseros.ch/','lowenstrasse_2','03 36',''),(182,'Hüsler Nest Center Zürich','point_lowen_27','IMG_1886.JPG','Löwenstrasse 9','','http://www.huesler-betten.ch/','lowenstrasse_2','03 57',''),(183,'Orinad','point_lowen_28','IMG_1887.JPG','Löwenstrasse 1','','http://www.orinad.ch/','lowenstrasse_2','04 09',''),(184,'Koch Optik','point_lowen_29','IMG_1888.JPG','Löwenstrasse 1','','http://www.kochoptik.ch/','lowenstrasse_2','04 48',''),(185,'Schuh-Frenkel','point_lowen_30','IMG_1890.JPG','Löwenstrasse 2','','http://www.wickshoes.ch/','lowenstrasse_2','04 48',''),(186,'Erfolg','point_lowen_31','IMG_1889.JPG','Löwenstrasse 2','','http://www.erfolg-label.ch/','lowerstrasse_2','05 21',''),(187,'Manor','point_urania_01','IMG_1797.JPG','Bahnhofstrasse 75','','http://www.manor.ch/','urania','00 08',''),(188,'Zara','point_urania_02','IMG_1796.JPG 2013-10-26 10.48.30.jpg 2013-10-26 10.49.36.jpg','Uraniastrasse 15','','http://www.zara.com/','urania','00 10',''),(189,'C&A','point_urania_03','2013-10-26 13.37.37.jpg IMG_1832.JPG','Gerbergasse 2','','http://www.c-and-a.com/','urania','00 17',''),(190,'Teifenbacher Schuhe','point_urania_04','2013-10-26 13.38.24.jpg','Seidengasse 1','','http://www.tiefenbacher.ch/','urania','00 24',''),(191,'Bata','point_urania_05','IMG_1841.JPG IMG_1904.JPG','Uraniastrasse 12','','http://www.bata.ch/','urania','01 11',''),(192,'Nina','point_urania_06','IMG_1842.JPG IMG_1902.JPG IMG_1903.JPG','Uraniastrasse 14','','','urania','01 30',''),(193,'Nidecker','point_urania_07','IMG_1844.JPG','Hornergasse 15','','http://www.nidecker.com/','urania','02 39',''),(194,'Jelmoli','point_urania_08','2013-10-26 10.49.15.jpg 2013-10-26 10.45.55.jpg 2013-10-26 10.45.25.jpg IMG_1795.JPG','Uraniastrasse 12','','http://www.jelmoli.ch/','urania','02 49',''),(195,'Confo Deco','point_urania_09','IMG_1901.JPG','Uraniastrasse 10','','http://www.confodeco.ch/','urania','02 52',''),(196,'Burrioptik','point_urania_10','IMG_1900.JPG','Uraniastrasse 24','','http://www.burrioptik.ch/','urania','03 05',''),(197,'My Phone','point_urania_11','IMG_1899.JPG','Uraniastrasse 31','','http://www.my-phone.ch/','urani','03 47',''),(198,'Arche','point_urania_12','IMG_1898.JPG','Uraniastrasse 31','','http://www.arche-shoes.com/','urania','04 05',''),(199,'Blue Midy Fashion','point_urania_13','IMG_1897.JPG IMG_1896.JPG','Uraniastrasse 34','','','urania','04 12',''),(200,'Pomp It Up','point_urania_14','IMG_1895.JPG','Uraniastrasse 34','','','urania','04 15',''),(201,'Golden Point','point_urania_15','IMG_1894.JPG','Löwenstrasse 2','','http://www.golden-point.ch/','urania','05 23',''),(202,'Stofftrucke','point_urania_16','IMG_1893.JPG','Löwenstrasse 2','','','urania','05 34','fcz fanshop'),(203,'Mc - Anzug','point_talaker_00','IMG_1906.JPG IMG_1905.JPG','Talaker 50','','http://mcanzug.ch/','talaker','00 20',''),(204,'Orange','point_talaker_01','IMG_1928.JPG','Talstrasse 82','','www.orange.ch','talaker','00 41',''),(205,'Bollag','point_talaker_02','IMG_1907.JPG IMG_1908.JPG','Talaker 50','','http://www.bollag-outlet.ch/','talaker','01 16',''),(206,'Deans','point_talaker_03','IMG_1927.JPG','Talaker 41','','http://www.xn--deans-zrich-zhb.ch/','talaker','01 28',''),(207,'Echo','point_talaker_04','IMG_1926.JPG','Talaker 41','','http://echo-artdeco.com/','talaker','01 47',''),(208,'Bonsai & Kakteen','point_talaker_05','IMG_1910.JPG','Talaker 42','','http://www.bonsai.ch/','talaker','02 02',''),(209,'Bovet','point_talaker_06','IMG_1911.JPG','Talaker 42','','www.bovet.com','talaker','02 13',''),(210,'Bernina','point_talaker_07','IMG_1925.JPG','Talaker 35','','https://www.bernina-zürich.ch/‎','talaker','02 37',''),(211,'Zoro','point_talaker_08','IMG_1922.JPG','Pelikanplatz 15','','www.zoro.ch/‎','talaker','03 12',''),(212,'Blumenhalle','point_talaker_09','IMG_1912.JPG','Pelikanplatz 5','','www.blumenhalle.ch','talaker','04 00',''),(213,'Paul Ullrich AG','point_talaker_10','IMG_1913.JPG IMG_1914.JPG','Talacker 30','','http://www.ullrich.ch/','talaker','04 16',''),(214,'Peter Hahn','point_talaker_11','IMG_1919.JPG IMG_1920.JPG','Talacker 21','','http://www.peterhahn.ch/','Talacker','05 00',''),(215,'Vestibule','point_talaker_12','IMG_1915.JPG','Talacker 24','','http://www.vestibule.ch/','talaker','05 10',''),(216,'Dee Cee style','point_talaker_13','IMG_1918.JPG','Talacker 21','','http://www.deeceestyle.ch/','Talacker','05 20',''),(217,'Vidal','point_talaker_14','IMG_1916.JPG','Talacker 16','','http://www.vidal-teppiche.com/','talaker','05 52',''),(218,'Andrea by Fricker','point_talaker_15','IMG_1917.JPG','Bärengasse 16','','http://www.andreabyfricker.ch/','talaker','06 12',''),(219,'Casa Moderna','point_talaker_20','IMG_1930.JPG IMG_1931.JPG','Talstrasse 70','','http://www.casamoderna.ch/','talaker_2','00 07',''),(220,'Cocoon','point_talaker_21','IMG_1935.JPG','Talstrasse 74','','http://www.luxusbetten.com/cocoon.php','talaker_2','00 53',''),(221,'Camper','point_talaker_22','IMG_1933.JPG','Talstrasse 74','','http://www.camper.com/','talaker_2','01 14',''),(222,'Anyo','point_talaker_23','IMG_1932.JPG','Talstrasse 70','','','talaker_2','01 46','Second hand'),(223,'Navyboot','point_sihl_00','IMG_1937.JPG IMG_1938.JPG','Sihlstrasse 35','','www.navyboot.ch','sihl','00 07',''),(224,'Zero-7','point_sihl_01','IMG_1939.JPG IMG_1940.JPG','Nüschelerstrasse 32','','www.zero-7.ch','sihl','00 53',''),(225,'Felix Furer','point_sihl_02','IMG_1941.JPG IMG_1942.JPG','Sihlstrasse 38','','','sihl','01 22',''),(226,'Bookbinders design','point_sihl_03','IMG_1943.JPG IMG_1944.JPG','Sihlstrasse 38','','http://www.bookbindersdesign.com/','sihl','01 52',''),(227,'Petit Bateau','point_sihl_04','IMG_1945.JPG','Sihlstrasse 24','','http://www.petit-bateau.com/','sihl','03 11',''),(228,'Marie Claire','point_sihl_05','IMG_1946.JPG','Steinmühleplatz 1','','http://www.marie-claire.ch/','sihl','04 40',''),(229,'Stuart Weitzman','point_sihl_06','IMG_1958.JPG','Steinmühleplatz 1','','http://stuartweitzman-zuerich.ch/','sihl','05 23',''),(230,'Konix','point_sihl_07','IMG_1959.JPG IMG_1957.JPG','Steinmühleplatz 1','','http://www.koenix.ch/','sihl','05 40',''),(231,'Bernhard','point_sihl_08','IMG_1955.JPG','Steinmühleplatz 1','','','','',''),(232,'Soleimani','point_sihl_09','IMG_1961.JPG','Uraniastrasse 31','','','sihl','06 20',''),(233,'Swisscom','point_sihl_10','IMG_1952.JPG','Sihlstrasse 21','','www.swisscom.ch','sihl','02 33',''),(234,'FTC','point_sihl_11','IMG_1951.JPG','Sihlstrasse 21','','http://www.cashmereworld.com/','sihl ','03 01',''),(235,'Allenbach','point_sihl_12','IMG_1949.JPG IMG_1950.JPG','Sihlstrasse 17','','http://www.allenbach.ag/','sihl','03 39',''),(236,'Onitsuka Tiger','point_sihl_13','IMG_1948.JPG IMG_1947.JPG','Sihlstrasse 17','','http://store.onitsukatiger.ch/','stihl','03 55',''),(237,'St. Annahof','point_talaker_16','IMG_1963.JPG','Sankt Annagasse 4','','','pelikan','04 28',''),(238,'Klemm Optik','point_pelikan_01','IMG_1965.JPG IMG_1966.JPG','Pelikanstrasse 19','','http://www.klemmoptik.com/','pelikan','00 18',''),(239,'Pelikamo','point_pelikan_02','IMG_1969.JPG  IMG_1970.JPG','Pelikanstrasse 11','','http://www.pelikamo.com/','pelikan','01 10',''),(240,'Boutique Roma','point_pelikan_03','IMG_1964.JPG 2013-10-26 11.48.33.jpg IMG_1772.JPG','Pelikanstrasse 6','','http://www.boutique-roma.ch/','pelikan','02 07',''),(241,'Naomi','point_pelikan_04','2013-10-26 11.49.13.jpg IMG_1770.JPG','Pelikanstrasse 5','','','pelikan','02 26',''),(242,'J.M. Weston','point_pelikan_05','2013-10-26 11.33.12.jpg IMG_1769.JPG','Pelikanstrasse 5','','http://www.jmweston.com/','pelikan','02 49',''),(243,'Wolford','point_pelikan_06','2013-10-26 11.31.49.jpg IMG_1768.JPG','Bahnhofstrasse 47','','http://www.wolfordshop.ch/','pelikan','03 11',''),(244,'Cartier','point_pelikan_07','2013-10-26 11.50.24.jpg IMG_1767.JPG','Bahnhofstrasse 47','','http://www.cartier.com/','pelikan','03 22',''),(245,'Visilab','point_pelikan_08','2013-10-26 11.29.49.jpg IMG_1773.JPG','Bahnhofstrasse 53','','www.visilab.ch','pelikan','03 22',''),(246,'Marc O\'Polo','point_linthescher_01','2013-10-26 08.55.12.jpg IMG_1836.JPG','Lintheschergasse 10','','http://www.marc-o-polo.de/','Linthescher','00 55',''),(247,'Import Parfumerie','point_linthescher_02','2013-10-26 08.56.51.jpg','Schweizergasse 4','','','linthescher','00 40',''),(248,'Riory','point_linthescher_03','2013-10-26 08.54.34.jpg','Lintheschergasse 13','','','linthescher','01 23',''),(249,'Fielmann','point_linthescher_04','2013-10-26 08.52.30.jpg','Lintheschergasse 14','','','Linthescher','01 38',''),(250,'Roma shoes','point_linthescher_05','2013-10-26 08.51.54.jpg','Lintheschergasse 17','','','linthescher','01 36',''),(251,'Scheerer Optik','point_linthescher_06','IMG_2230.JPG IMG_2229.JPG','Lintheschergasse 21','','http://www.scheereroptik.ch/','linthescher_2','00 26',''),(252,'Jack Wolfskin','point_linthescher_07','IMG_2228.JPG','Lintheschergasse 23','','http://www.jack-wolfskin.com/','linthescher','00 39',''),(253,'Kurz Schmuck und Uhren','point_werdmuhle_01','IMG_1805.JPG 2013-10-26 09.38.44.jpg','Bahnhofstrasse 80','','http://www.kurzschmuckuhren.ch/','werdmuhle','00 15',''),(254,'Roy Robson','point_werdmuhle_02','IMG_1806.JPG 2013-10-26 09.36.41.jpg','Werdmühlestrasse 4','','http://www.royrobson.com/','werdmuhle','00 36',''),(255,'Alprausch','point_werdmuhle_03','2013-10-26 13.24.36.jpg IMG_1827.JPG','Werdmühlestrasse 4','','http://www.alprausch.com/','werdmuhle','01 25',''),(256,'Clarks','point_werdmuhle_04','2013-10-26 13.24.55.jpg IMG_1828.JPG','Werdmühlestrasse 4','','http://www.clarks-shop.ch/','werdmuhle','01 38',''),(257,'Falke','point_renweg_01','IMG_2144.JPG','RennWeg 2','','http://www.falke.com/','renweg','00 04',''),(258,'Eclectic','point_werdmuhle_05','IMG_1826.JPG','Werdmühlestrasse 9','','http://www.eclecticshop.ch/','werdmuhle','01 50',''),(259,'Peclard','point_renweg_02','IMG_2059.JPG','Strehlgasse 33','','http://peclard-zurich.ch/','rennweg','00 16',''),(260,'Germaine','point_renweg_03','IMG_2143.JPG','Strehlgasse 33','','','rennweg','00 23',''),(261,'Rabbit','point_renweg_04','IMG_2142.JPG','Strehlgasse 26','','','renweg','00 46',''),(262,'Schlossberg','point_renweg_05','IMG_2141.JPG','Strehlgasse 29','','http://www.schlossberg.ch/','rennweg','00 56',''),(263,'Rossis','point_renweg_06','IMG_2140.JPG','Strehlgasse 27','','http://shop.rossis.com/','renweg','01 27',''),(264,'Perosa','point_renweg_07','IMG_2139.JPG','Strehlgasse 20','','http://www.perosa.ch/','renweg','02 12',''),(265,'Dublanc','point_renweg_08','IMG_2138.JPG','Strehlgasse 16','','http://dublanc-pelze.ch/','rennweg','02 33','меховые изделия'),(266,'Naomi','point_renweg_09','IMG_2108.JPG','Schwanengasse 7','','','rennweg','02 57',''),(267,'Sundrani','point_renweg_10','IMG_2136.JPG','Strehlgasse 23','','http://www.sundrani.com/','rennweg','03 23',''),(268,'Suenos','point_renweg_11','IMG_2135.JPG','Strehlgasse 23','','http://www.suenos.ch/','rennweg','03 35',''),(269,'Liu Jo','point_renweg_12','IMG_2107.JPG','Schlüsselgasse 19','','http://www.liujo.com/','rennweg','03 52',''),(270,'Maho','point_renweg_13','IMG_2109.JPG','Strehlgasse 13','','','rennweg','04 37',''),(271,'Robert Vogelsang','point_renweg_14','IMG_2110.JPG','Strehlgasse 12','','http://www.robertvogelsang.com/','rennweg','04 46',''),(272,'Buckles & Belts','point_renweg_15','IMG_2106.JPG','Schlüsselgasse 17','','http://www.bucklesbelts.com/','rennweg','07 12',''),(273,'Peter Meier','point_renweg_16','IMG_2105.JPG IMG_2113.JPG','Strehlgasse 15','','','rennweg','07 42',''),(274,'GEA','point_renweg_17','IMG_2100.JPG','Sankt Peterhofstatt 10','','http://www.gea-zuerich.ch/','rennweg','08 09',''),(275,'AP store gallery','point_renweg_18','IMG_2099.JPG','Sankt Peterhofstatt 12','','http://store-gallery.ch/','rennweg','08 29',''),(276,'Aziza Zina','point_renweg_19','IMG_2102.JPG','Schlüsselgasse 19','','http://www.aziza-zina.ch/','rennweg','09 09',''),(277,'Gea Kray','point_renweg_20','IMG_2103.JPG','Sankt Peterhofstatt 3','','','rennweg','09 15',''),(278,'Goldschmitte St.Peter','point_renweg_21','IMG_2104.JPG','Sankt Peterhofstatt 4','','','rennweg','09 44',''),(279,'Monadico','point_renweg_22','IMG_2111.JPG','Strehlgasse 10','','http://www.monadico.ch/','rennweg','10 46',''),(280,'Puppo & Prime','point_renweg_23','IMG_2112.JPG','Strehlgasse 8','','http://www.puppo-prime.ch/','rennweg','11 46',''),(281,'Beldona','point_renweg_24','IMG_2115.JPG','Strehlgasse 6','','http://beldona.ch/','rennweg','12 24',''),(282,'Patrizia Pepe','point_renweg_25','IMG_2114.JPG IMG_2134.JPG','Strehlgasse 6','','http://www.patriziapepe.com/','rennweg','12 37',''),(283,'MaxMara','point_renweg_26','IMG_2116.JPG','Strehlgasse 4','','http://world.maxmara.com/','rennweg','12 34',''),(284,'Shibota Pearls','point_renweg_27','IMG_2133.JPG','Strehlgasse 7','','http://www.shibota.com/','rennwag','13 11',''),(285,'IRO','point_renweg_28','IMG_2132.JPG','Strehlgasse 5','','http://www.iro.fr/','rennweg','13 40',''),(286,'Silk & Cashmere','point_renweg_29','IMG_2131.JPG','Strehlgasse 5','','','rennweg','13 54',''),(287,'Aubade','point_renweg_30','IMG_2130.JPG','Strehlgasse 5','','http://aubade.com/','rennweg','14 07',''),(288,'Sunglass & Accessory','point_renweg_31','IMG_2129.JPG IMG_2128.JPG','Strehlgasse 2','','','rennweg','14 19',''),(289,'Trois Pommes','point_renweg_32','IMG_2127.JPG','Weggengasse 1','','http://www.troispommes.ch/','rennweg','14 53',''),(290,'Coup d\'Oeil','point_renweg_33','IMG_2126.JPG','Strehlgasse 2','','http://www.coupdoeil-boutique.ch/','rennweg','15 17',''),(291,'Kids Extra','point_renweg_34','IMG_2124.JPG','Weinplatz 8','','http://www.kids-extra.ch/','rennweg','15 50',''),(292,'Pomellato','point_renweg_35','IMG_2123.JPG','Weinplatz 10','','http://www.pomellato.com/','rennweg','16 10',''),(293,'Lopardo','point_renweg_36','IMG_2122.JPG','Weinplatz 10','','http://www.lopardo.ch/','rennweg','16 49',''),(294,'Dolce & Gabbana','point_renweg_37','IMG_2121.JPG IMG_2118.JPG  IMG_2119.JPG','Weinplatz 10','','http://www.dolcegabbana.com/','rennweg','17 10',''),(295,'Scapa','point_renweg_38','IMG_2117.JPG','Rathausbrücke 1','','http://www.scapafashion.com/','rennweg','18 01',''),(296,'Souleiado','point_renweg_121','IMG_2214.JPG IMG_2213.JPG','Glockengasse 1','','','rennweg','05 47',''),(297,'Schlossberg','point_renweg_122','IMG_2215.JPG','Glockengasse 2','','','rennweg','06 20',''),(298,'Steiff Galerie','point_glocken_01','IMG_2212.JPG IMG_2211.JPG IMG_2207.JPG','Glockengasse 18','','http://www.steiff-pegasus.ch/','glocken','00 44',''),(299,'Fidelio','point_glocken_02','IMG_2206.JPG','Augustinergasse 8','','http://www.fideliokleider.ch/','glocken','01 10',''),(300,'VIVAIA','point_glocken_03','IMG_2204.JPG IMG_2203.JPG','Augustinergasse 15','','http://www.vivaia.ch/','glocken','01 50',''),(301,'Blumen Fitze','point_glocken_04','IMG_2205.JPG','Augustinergasse 20','','http://www.blumen-fitze.ch/','glocken','02 04',''),(302,'Bohny','point_glocken_05','IMG_2202.JPG','Augustinergasse 22','','http://www.boehny.ch/','glocken','02 04',''),(303,'Rent a box','point_glocken_06','IMG_2201.JPG','Augustinergasse 15','','http://www.rent-a-box.ch/','glocken','03 02',''),(304,'Eye\'s art','point_glocken_07','IMG_2200.JPG','Augustinergasse 30','','http://www.eyes-art.ch/','glocken','03 34',''),(305,'Loosli','point_glocken_08','IMG_2199.JPG','Augustinergasse 34','','http://www.peterloosli.com/','glocken','03 47',''),(306,'Rohmir','point_glocken_09','IMG_2196.JPG','Augustinergasse 34','','http://www.rohmir.com/','glocken','04 00',''),(307,'Meister','point_glocken_10','IMG_2195.JPG','Augustinergasse 17','','http://www.meister-zurich.ch/','glocken','04 09',''),(308,'Capriccio','point_glocken_11','IMG_2197.JPG','Augustinergasse 40','','','glocken','04 29',''),(309,'Tops','point_glocken_12','IMG_2198.JPG','Augustinergasse 23','','','glocken','04 50',''),(310,'Vero Moda','point_glocken_13','IMG_2194.JPG','Augustinergasse 46','','http://www.veromoda.com/','glocken','05 13',''),(311,'Berkowitsch','point_glocken_14','IMG_2193.JPG','Augustinergasse 48','','http://berkowitsch.ch/','glocken','05 36',''),(312,'Cashmere House','point_glocken_15','IMG_2192.JPG','Augustinergasse 50','','http://www.cashmerehouse.ch/','glocken','06 01',''),(313,'Jewels','point_glocken_16','IMG_2191.JPG','Augustinergasse 52','','','glocken','06 29',''),(314,'Annex','point_glocken_17','IMG_2190.JPG','Augustinergasse 52','','','glocken','06 48',''),(315,'Kookai','point_rennweg_50','IMG_2180.JPG','Rennweg 58','','http://www.kookai.net/','rennweg2','00 05',''),(316,'Dosenbach','point_rennweg_51','IMG_2179.JPG','Rennweg 48','','http://www.dosenbach.ch/','rennweg2','00 17',''),(317,'Franz Carl Weber','point_rennweg_52','IMG_2176.JPG','Rennweg 43','','http://www.fcw.ch/','rennweg2','00 41','большой магазин'),(318,'Sandro','point_rennweg_53','IMG_2178.JPG','Rennweg 46','','http://fr.sandro-paris.com/','rennweg2','00 52',''),(319,'Depot','point_rennweg_54','IMG_2175.JPG','Rennweg 42','','http://www.depot-online.com/','rennweg2','01 07',''),(320,'United Color of Benetton','point_rennweg_55','IMG_2174.JPG','Rennweg 35','','http://www.benetton.com/','rennweg2','01 22',''),(321,'McGregor','point_rennweg_56','IMG_2173.JPG','Rennweg 40','','http://www.mcgregor-fashion.com/','rennweg2','01 31',''),(322,'Bree','point_rennweg_57','IMG_2172.JPG','Rennweg 38','','http://bree.com/','rennweg2','01 45',''),(323,'American Apparel','point_rennweg_58','IMG_2171.JPG','Rennweg 33','','http://www.americanapparel.net/','Rennweg 33','02 05',''),(324,'Claudie Peirlot','point_rennweg_59','IMG_2170.JPG','Rennweg 36','','http://www.claudiepierlot.com/','rennweg2','02 23',''),(325,'Tara Jermon','point_rennweg_60','IMG_2169.JPG','Rennweg 34','','http://www.tarajarmon.fr/','rennweg2','02 43',''),(326,'Meng Cutlery','point_rennweg_61','IMG_2167.JPG','Rennweg 31','','http://www.mengcutlery.ch/','rennweg2','02 59',''),(327,'Schulthess','point_rennweg_62','IMG_2168.JPG','Rennweg 29','','http://www.youtube.com/watch?v=2hohStAJkjw','rennweg2','03 12',''),(328,'Strauli','point_rennweg_63','IMG_2166.JPG','Rennweg 30','','http://www.straeuli.ch/','rennweg2','03 37',''),(329,'Lacoste','point_rennweg_64','IMG_2165.JPG','Rennweg 28','','http://www.lacoste.com/','rennweg2','04 14',''),(330,'Thomas Sabo','point_rennweg_65','IMG_2164.JPG 2013-10-26 11.16.48.jpg','Rennweg 27','','http://www.thomassabo.com/','rennweg2','04 28',''),(331,'Schuh Frenkel','point_rennweg_66','IMG_2160.JPG','Fortunagasse 38','','http://www.wickshoes.ch/','rennweg2','05 07',''),(332,'Pelz Helas','point_rennweg_67','IMG_2188.JPG','Fortunagasse 11','','','rennweg2','05 30',''),(333,'FotoPro Ganz','point_rennweg_68','IMG_2158.JPG','Rennweg 26','','http://www.fotopro.ch/','rennweg2','05 56',''),(334,'Steinlin','point_rennweg_69','IMG_2189.JPG','Kuttelgasse 15','','http://www.steinlin-zuerich.ch/','rennweg_2','07 59',''),(335,'Triumph','point_rennweg_70','2013-10-26 11.21.06.jpg','Kuttelgasse 7','','http://us.triumph.com/','rennweg_2','08 22',''),(336,'Ta-bou','point_rennweg_71','2013-10-26 11.20.12.jpg','Kuttelgasse 7','','http://www.ta-bou.com/','rennweg2','08 22',''),(337,'Lele PyP','point_rennweg_72','2013-10-26 11.20.33.jpg','Kuttelgasse 3','','http://www.lelepyp.com/ch/','rennweg2','08 36',''),(338,'Charivari','point_rennweg_73','2013-10-26 11.17.42.jpg','Kuttelgasse 2','+41 43 4972377','','rennweg2','06 17',''),(339,'L\'idea','point_rennweg_74','2013-10-26 11.18.11.jpg','Kuttelgasse 4','','','rennweg2','06 27',''),(340,'Leibundgut','point_rennweg_75','2013-10-26 11.23.26.jpg 2013-10-26 11.23.44.jpg','Kuttelgasse 8','','http://www.leibundgutag.ch/','rennweg2','06 50',''),(341,'Orinad','point_rennweg_76','IMG_2157.JPG','Rennweg 22','','http://www.orinad.ch/','rennweg2','09 14',''),(342,'Landolf Huber','point_rennweg_77','IMG_2156.JPG','Rennweg 20','','','rennweg2','09 36',''),(343,'Zumstein','point_rennweg_78','IMG_2155.JPG IMG_2154.JPG','Rennweg 19','','http://www.zumstein.ch/','rennweg2','09 45',''),(344,'Geox','point_rennweg_79','IMG_2153.JPG','Rennweg 14','','http://www.geox.com/','rennweg2','10 17',''),(345,'Madame','point_rennweg_80','IMG_2151.JPG','Rennweg 11','','http://www.madame.ch/','rennweg2','10 41',''),(346,'Du pareil au meme','point_rennweg_81','IMG_2148.JPG','Rennweg 11','','http://www.dpam.com/','rennweg2','10 50',''),(347,'John R.','point_rennweg_82','IMG_2152.JPG','Rennweg 12','','http://www.john-r.ch/','rennweg2','11 09',''),(348,'SAM','point_rennweg_83','IMG_2150.JPG','Rennweg 10','','','rennweg2','11 14',''),(349,'Fogal','point_rennweg_84','IMG_2149.JPG','Rennweg 10','','http://www.fogal.com/','rennweg2','11 41',''),(350,'Mephisto','point_rennweg_85','IMG_2147.JPG','Rennweg 8','','http://www.mephisto-zuerich.ch/','rennweg2','12 01',''),(351,'Urech','point_rennweg_86','IMG_2146.JPG','Rennweg 6','','http://www.urech.com/','Rennweg 6','12 14',''),(352,'Devon','point_rennweg_87','IMG_2145.JPG','Rennweg 7','','http://www.devon.ch/','rennweg2','12 30',''),(353,'Paradis des innocents','point_oetenbach_01','IMG_2186.JPG','Oetenbachgasse 7','','http://www.paradisdesinnocents.com/','oetenbach','00 50',''),(354,'Catimini','point_oetenbach_02','IMG_2185.JPG','Oetenbachgasse 11','','http://www.catimini-zurich.ch/','oetenbach','01 08',''),(355,'Schneiderei keel','point_oetenbach_03','IMG_2184.JPG','Oetenbachgasse 13','','','oetenbach','01 19',''),(356,'Weinkontor','point_oetenbach_04','IMG_2183.JPG','Oetenbachgasse 13','','','oetenbach','01 48',''),(357,'Keck','point_oetenbach_05','IMG_2182.JPG','Oetenbachgasse 15','','http://www.keckag.ch/','oetenbach','02 00','магазин пуговиц'),(358,'Silk & Cashmere','point_oetenbach_06','IMG_2181.JPG','Oetenbachgasse 26','','','oetenbach','02 56',''),(359,'Kowa','point_waagasse_01','IMG_2035.JPG','Münsterhof 5','','http://www.xn--kow-sla.ch/','waagasse','00 22',''),(360,'Samina','point_waagasse_02','IMG_2057.JPG IMG_2056.JPG','Waaggasse 5','','samina.com','waagasse','00 36',''),(361,'Peclard','point_waagasse_03','IMG_2058.JPG','Waaggasse 4','','http://www.peclard.ch/','waagasse','01 01',''),(362,'Transit','point_waagasse_04','IMG_2055.JPG','Waaggasse 5','','','waagasse','01 42',''),(363,'Adi Wyss','point_fraumunster_01','IMG_2054.JPG IMG_2050.JPG','Börsenstrasse 12','','http://www.adiwyss.ch/','fraumunster','00 10',''),(364,'Rena','point_fraumunster_02','IMG_2053.JPG','Börsenstrasse 12','','http://renakaufmann.ch/','fraumunster','00 35',''),(365,'Loretta Moor','point_fraumunster_03','IMG_2051.JPG IMG_2052.JPG','Fraumünsterstrasse 9 ','','','fraumunster','01 20',''),(366,'Bang & Olufsen','point_fraumunster_04','IMG_2049.JPG','Fraumünsterstrasse 15','','http://www.bang-olufsen.com/','fraumunster','02 07',''),(367,'Beltrame','point_fraumunster_05','IMG_2047.JPG IMG_2048.JPG','Fraumünsterstrasse 19','','','fraumunster','02 57',''),(368,'Redbox','point_fraumunster_06','IMG_2046.JPG','Fraumünsterstrasse 23','','http://www.redbox.ch/','fraumunster','03 46',''),(369,'Christophe Graber','point_fraumunster_07','IMG_2045.JPG','Fraumünsterstrasse 27','','http://www.christophegraber.com/','fraumunster','04 17',''),(370,'Cd Studio Ag','point_fraumunster_08','IMG_2044.JPG','Fraumünsterstrasse 27','','http://www.cdstudio.ch/','fraumunster','04 40',''),(371,'Sprungli','point_post_01','IMG_2011.JPG','Bahnhofstrasse 21','','http://www.spruengli.ch/','post ','00 14',''),(372,'Loro Piana','point_post_02','IMG_2015.JPG IMG_2018.JPG','Bahnhofstrasse 26','','http://www.loropiana.com/','post','00 18',''),(373,'Blancpain','point_post_03','IMG_2019.JPG IMG_2042.JPG','Poststrasse 12','','http://www.blancpain.com/','post','00 27',''),(374,'Gassmann','point_post_04','IMG_2031.JPG','Poststrasse 5','','http://www.gassmannzuerich.ch/','post','01 01',''),(375,'Davidoff','point_post_05','IMG_2041.JPG','Poststrasse 12','','http://www.davidoff.com/','post','00 27',''),(376,'Anne Fontaine','point_post_06','IMG_2040.JPG','Poststrasse 12','','http://www.annefontaine.com/','post','01 15',''),(377,'Leonard','point_post_07','IMG_2039.JPG','Poststrasse 12','','http://www.leonard-paris.com/','post','01 26',''),(378,'Gucci','point_post_08','IMG_2032.JPG','Poststrasse 3','','http://www.gucci.com/','post','01 45',''),(379,'Optiker Zwicker','point_post_09','IMG_2033.JPG','Poststrasse 1','','http://www.optikerzwicker.ch/','post','02 08',''),(380,'Victorinox','point_post_10','IMG_2036.JPG','Poststrasse 6','','www.victorinox.com/ch/','post','02 32',''),(381,'Brunello','point_post_11','IMG_2037.JPG IMG_2038.JPG','Poststrasse 4','','','post','02 40',''),(382,'Davidoff','point_parad_01','IMG_2030.JPG','Paradeplatz 2','','http://www.davidoff.com/','parad','00 30',''),(383,'Blue Lemon','point_parad_02','IMG_2029.JPG','Paradeplatz 3','','http://www.bluelemon.ch','parad','00 33',''),(384,'Hackett','point_parad_03','IMG_2027.JPG IMG_2028.JPG','Paradeplatz 3','','http://www.hackett.com/','parad','00 50',''),(385,'Selection','point_parad_04','IMG_2025.JPG IMG_2026.JPG','Paradeplatz 5','','http://www.ullapopken.de/','parad','01 25',''),(386,'Breguet','point_peter_01','IMG_1754.JPG 2013-10-26 12.17.02.jpg','Bahnhofstrasse 31','','http://www.breguet.com/en_/Zurich','peterstrasse','00 08',''),(387,'Meister','point_peter_02','2013-10-26 12.05.24.jpg 2013-10-26 12.18.58.jpg','Bahnhofstrasse 33','','http://www.meister-zurich.ch/','peterstrasse','00 15',''),(388,'Kowa','point_peter_03','IMG_1755.JPG','Sankt Peterstrasse 14','','http://www.xn--kow-sla.ch/','peterstrasse','00 35',''),(389,'Beyer','point_bahnhof_01','IMG_1752.JPG IMG_1739.JPG','Bahnhofstrasse 31','','http://www.beyer-ch.com/','bahnhof','00 20',''),(390,'Tod\'s','point_bahnhof_02','2013-10-26 12.29.44.jpg','Bahnhofstrasse 32','','http://www.tods.com/','bahnhof','00 35',''),(391,'Louis Vuitton','point_bahnhof_03','2013-10-26 12.30.34.jpg','Bahnhofstrasse 30','','http://www.louisvuitton.eu/','bahnhof','00 49',''),(392,'Bvlgari','point_bahnhof_04','2013-10-26 12.29.10.jpg','Bahnhofstrasse 27','','www.bulgari.com','bahnhof','00 58',''),(393,'Paul & Shark','point_bahnhof_05','2013-10-26 12.26.18.jpg IMG_1738.JPG IMG_1979.JPG','Bärengasse 4','','http://www.paulshark.it/','bahnhof','01 28',''),(394,'Aux arts du feu','point_bahnhof_06','2013-10-26 12.26.26.jpg IMG_1740.JPG IMG_1978.JPG','Bärengasse 4','','http://www.auxartsdufeu.ch/','bahnhoff','01 44',''),(395,'Perosa','point_bahnhof_07','IMG_1741.JPG IMG_1977.JPG','Bärengasse 4','','http://www.perosa.ch/','bahnhof','02 00',''),(396,'Aesop','point_bahnhof_08','IMG_1743.JPG IMG_1976.JPG','Bärengasse 4','','http://www.aesop.com/','bahnhof','02 14',''),(397,'Fabric','point_bahnhof_09','IMG_1975.JPG','Bärengasse 7','','http://www.fabricfrontline.ch/','bahnhof','03 06','большой выбор галстуков'),(398,'Agent Provocateur','point_bahnhof_10','IMG_1744.JPG IMG_1974.JPG','Bärengasse 10','','http://www.agentprovocateur.com/','bahnhof','03 16',''),(399,'Zadig & Voltaire','point_bahnhof_11','IMG_1745.JPG IMG_1973.JPG','Bärengasse 10','','http://www.zadig-et-voltaire.com/','bahnhof','03 18',''),(400,'Edo Popken','point_bahnhof_12','IMG_1746.JPG IMG_1972.JPG IMG_1971.JPG','Bärengasse 10','','http://www.edopopken.com/','bahnhof','03 32',''),(401,'Bonita','point_bahnhof_20','IMG_1818.JPG 2013-10-26 09.04.44.jpg','Bahnhofstrasse 93','','http://www.bonita.eu/','bahnhof2','00 15',''),(402,'Y.Yendi','point_bahnhof_21','IMG_1820.JPG 2013-10-26 09.01.37.jpg','Bahnhofstrasse 89','','','bahnhof2','00 11',''),(403,'Claire\'s','point_bahnhof_22','IMG_1819.JPG 2013-10-26 09.03.55.jpg','Bahnhofstrasse 91','','http://www.claires.com/','bahnhof2','00 24',''),(404,'Laderach','point_bahnhof_23','IMG_1817.JPG 2013-10-26 09.09.52.jpg','Bahnhofstrasse 106','','','bahnhof2','00 38',''),(405,'Dosenbach','point_bahnhof_24','IMG_1816.JPG 2013-10-26 09.10.44.jpg','Bahnhofstrasse 104','','http://www.dosenbach.ch/','bahnhof2','00 46',''),(406,'The Body Shop','point_bahnhof_25','2013-10-26 09.04.23.jpg','Bahnhofstrasse 91','','http://www.the-body-shop.ch/','bahnhof2','00 16',''),(407,'Griffe 133','point_bahnhof_26','2013-10-26 09.12.48.jpg','Schützengasse 7','','','','',''),(408,'H&M','point_bahnhof_27','2013-10-26 09.00.30.jpg','Bahnhofstrasse 89','','http://www.hm.com/ch/','bahnhof2','01 44',''),(409,'Yves Rocher','point_bahnhof_29','IMG_1814.JPG 2013-10-26 09.26.33.jpg','Bahnhofstrasse 100','','www.yves-rocher.ch','bahnhof2','01 59',''),(410,'Gotte Optik','point_bahnhof_28','IMG_1813.JPG 2013-10-26 09.26.49.jpg','Bahnhofstrasse 98','','http://www.goetteoptik.ch/','bahnhof2','02 04',''),(411,'Swatch','point_bahnhof_30','IMG_1812.JPG','Bahnhofstrasse 94','','http://shop.swatch.com/ch','bahnhof2','02 38',''),(412,'L\'Occitane','point_bahnhof_31','IMG_1811.JPG 2013-10-26 09.27.40.jpg','Bahnhofstrasse 94','','http://ch.loccitane.com/','bahnhof2','02 44',''),(413,'H&M','point_bahnhof_32','IMG_1810.JPG 2013-10-26 09.28.16.jpg ','Bahnhofstrasse 92','','http://www.hm.com/ch/','bahnhof2','02 53',''),(414,'Feldpausch','point_bahnhof_33','IMG_1809.JPG 2013-10-26 09.30.57.jpg 2013-10-26 09.32.10.jpg','Bahnhofstrasse 88','','http://www.feldpausch.ch/','bahnhof2','03 12',''),(415,'Diesel','point_bahnhof_34','IMG_1808.JPG 2013-10-26 09.33.28.jpg','Bahnhofstrasse 82A','','http://store.diesel.com/','bahnhof2','03 35',''),(416,'Mango','point_bahnhof_35','IMG_1807.JPG 2013-10-26 09.35.01.jpg','Bahnhofstrasse 82','','http://shop.mango.com/','bahnhof2','03 56',''),(417,'Ex libris','point_bahnhof_36','IMG_1801.JPG 2013-10-26 09.45.50.jpg','Bahnhofstrasse 79','','http://www.exlibris.ch/','bahnhof2','04 08',''),(418,'Marionnaud','point_bahnhof_37','IMG_1800.JPG 2013-10-26 09.45.29.jpg','Bahnhofstrasse 79','','www.marionnaud.ch','bahnhof2','04 16',''),(419,'Apple store','point_bahnhof_38','2013-10-26 09.41.10.jpg','Bahnhofstrasse 77','','','bahnhof2','04 16',''),(420,'Christ','point_bahnhof_39','2013-10-26 09.41.19.jpg IMG_1802.JPG','Bahnhofstrasse 78','','www.christ-swiss.ch/‎','bahnhof2','04 43',''),(421,'Tally Weijl','Tally Weijl','2013-10-26 09.41.30.jpg IMG_1803.JPG','Bahnhofstrasse 76','','https://www.tally-weijl.com/','bahnhof2','04 58','teenage wear'),(422,'Modissa','point_bahnhof_41','2013-10-26 09.42.14.jpg IMG_1804.JPG IMG_1798.JPG','Bahnhofstrasse 74','','www.modissa.ch','bahnhof2','05 19',''),(423,'Manor','point_bahnhof_42','2013-10-26 09.42.49.jpg IMG_1799.JPG','Bahnhofstrasse 75','','http://www.manor.ch/','bahnhof2','05 54',''),(424,'BIG Boyz','point_bahnhof_43','2013-10-26 10.33.58.jpg 2013-10-26 10.34.14.jpg IMG_1792.JPG IMG_1793.jpg','Bahnhofstrasse 73','','www.bigzh.ch','bahnhof2','06 03',''),(425,'H&M','point_urania_17','2013-10-26 10.34.32.jpg IMG_1791.JPG','Uraniastrasse 15','','','bahnhof2','06 30',''),(426,'G-Star','point_bahnhof_44','IMG_1830.JPG','Uraniastrasse 4','','ch.g-star.com','bahnhof2','06 40',''),(427,'Beldona','point_bahnhof_45','IMG_1790.JPG 2013-10-26 10.34.41.jpg','Bahnhofstrasse 71','','http://www.beldona.ch/','bahnhof2','07 38',''),(428,'Esprit','point_bahnhof_46','IMG_1789.JPG 2013-10-26 10.35.05.jpg 2013-10-26 10.44.43.jpg','Bahnhofstrasse 69','','http://www.esprit.com/','bahnhof2','07 42',''),(429,'Navyboot','point_bahnhof_47','IMG_1788.JPG 2013-10-26 10.35.46.jpg','Bahnhofstrasse 69','','www.navyboot.ch','bahnhof2','07 45',''),(430,'Vogele','point_bahnhof_48','2013-10-26 10.53.36.jpg 2013-10-26 10.53.19.jpg','Sihlstrasse 3','','http://www.charles-voegele.nl/','bahnhof2','07 45',''),(431,'WE','point_bahnhof_49','IMG_1787.JPG','Bahnhofstrasse 67','','http://wefashion.com/','bahnhof2','07 45',''),(432,'Sprungli','point_bahnhof_50','IMG_1786.JPG 2013-10-26 10.57.45.jpg','Bahnhofstrasse 67','','','bahnhof3','00 13',''),(433,'Les Ambassadeurs','point_bahnhof_51','IMG_1782.JPG','Bahnhofstrasse 64','','http://www.lesambassadeurs.ch/','bahnhof3','00 55',''),(434,'Franz Carl Weber','point_bahnhof_52','IMG_1781.JPG 2013-10-26 11.05.13.jpg','Bahnhofstrasse 62','','http://www.fcw.ch/','bahnhof3','01 07',''),(435,'Bernie\'s','point_bahnhof_53','IMG_1784.JPG 2013-10-26 10.58.20.jpg','Bahnhofstrasse 65','','www.bernies.ch','bahnhof3','00 20',''),(436,'Landolt-Arbenz','point_bahnhof_54','IMG_1785.JPG 2013-10-26 10.58.36.jpg','Bahnhofstrasse 65','','www.landolt-arbenz.ch','bahnhof3','01 20',''),(437,'united color of benetton','point_bahnhof_55','2013-10-26 10.59.06.jpg IMG_1783.JPG','Bahnhofstrasse 63','','www.benetton.com','bahnhof3','01 18',''),(438,'sunrise','point_bahnhof_56','2013-10-26 10.59.45.jpg','Bahnhofstrasse 61','','http://www1.sunrise.ch/','bahnhof3','01 48',''),(439,'IWC','point_bahnhof_57','2013-10-26 11.00.20.jpg','Bahnhofstrasse 61','','http://www.iwc.com/','Bahnhofstrasse 61','01 59',''),(440,'Zwilling Henckels','point_bahnhof_58','2013-10-26 11.08.34.jpg IMG_1779.JPG','Bahnhofstrasse 58','','http://www2.zwilling.com/','bahnhof3','02 17',''),(441,'Longchamp','point_bahnhof_59','IMG_1780.JPG','Bahnhofstrasse 58','','www.longchamp.com','bahnhof3','02 17',''),(442,'Och sport','point_bahnhof_60','IMG_1778.JPG 2013-10-26 11.09.10.jpg','Bahnhofstrasse 56','','http://www.ochsport.ch/','bahnhof3','02 30',''),(443,'Bata','point_bahnhof_61','IMG_1777.JPG 2013-10-26 11.09.36.jpg','Bahnhofstrasse 54','','http://www.bata.ch/','bahnhof3','03 06',''),(444,'Omega','point_bahnhof_62','IMG_1776.JPG 2013-10-26 11.10.12.jpg','Bahnhofstrasse 52','','www.omegawatches.com','bahnhof3','03 19',''),(445,'Bucherer','point_bahnhof_63','2013-10-26 11.28.17.jpg 2013-10-26 11.28.39.jpg IMG_1775.JPG','Bahnhofstrasse 50','','www.bucherer.com','Bahnhofstrasse 50','03 23',''),(446,'Massimo Dutti','point_bahnhof_64','2013-10-26 11.29.11.jpg IMG_1774.JPG','Bahnhofstrasse 53','','http://www.massimodutti.com/','bahnhof3','03 37',''),(447,'PKZ','point_bahnhof_65','2013-10-26 11.56.14.jpg IMG_1766.JPG','Bahnhofstrasse 46','','','bahnhof','04 18',''),(448,'Teuscher','point_bahnhof_66','2013-10-26 11.56.36.jpg IMG_1765.JPG','Bahnhofstrasse 46','','http://www.teuscher.com/','bahnhof3','04 48',''),(449,'Burberry','point_bahnhof_67','2013-10-26 11.57.00.jpg IMG_1764.JPG','Bahnhofstrasse 44','','http://www.burberry.com/','bahnhof3','05 02',''),(450,'Brunos','point_bahnhof_68','2013-10-26 11.57.37.jpg IMG_1762.JPG','Bahnhofstrasse 44','','http://www.brunos-fashion.ch/','bahnhof3','05 12',''),(451,'Les Millionnaires','point_bahnhof_69','2013-10-26 11.59.23.jpg IMG_1763.JPG','Bahnhofstrasse 44','','http://www.lesmillionnaires.ch/','bahnhof3','05 27',''),(452,'Boss','point_bahnhof_70','2013-10-26 12.02.56.jpg IMG_1761.JPG','Bahnhofstrasse 39','','www.hugoboss.com','bahnhof3','05 44',''),(453,'Chanel','point_bahnhof_71','2013-10-26 12.03.32.jpg','Bahnhofstrasse 39','','www.chanel.com/','bahnhof3','05 47',''),(454,'Burger','point_bahnhof_72','IMG_1760.JPG','Bahnhofstrasse 36','','http://www.thelook.com/','bahnhof3','05 59',''),(455,'Chopard','point_bahnhof_73','2013-10-26 12.13.50.jpg IMG_1758.JPG','Bahnhofstrasse 40','','','bahnhof3','06 14',''),(456,'Salvatore Ferragamo','point_bahnhof_74','2013-10-26 12.14.03.jpg IMG_1759.JPG','Bahnhofstrasse 40','','','bahnhof3','06 24',''),(457,'Fogal','point_bahnhof_75','2013-10-26 12.14.27.jpg IMG_1756.JPG','Bahnhofstrasse 38','','http://www.fogal.com/','bahnhof','06 24',''),(458,'Piaget','point_bahnhof_76','IMG_1757.JPG 2013-10-26 12.14.38.jpg','Bahnhofstrasse 38','','www.piaget.com','bahnhof3','06 54',''),(459,'Marionnaud','point_bahnhof_77','2013-10-26 12.04.41.jpg','Bahnhofstrasse 35','','www.marionnaud.ch','bahnhof3','07 03',''),(460,'Gubelin','point_bahnhof_78','IMG_1753.JPG 2013-10-26 12.15.03.jpg','Bahnhofstrasse 36','','http://www.guebelin.ch/','bahnhof3','07 35',''),(461,'Grieder','point_bahnhof_79','IMG_1747.JPG','Bahnhofstrasse 30','','http://www.bongenie-grieder.ch/','bahnhof4','00 22',''),(462,'Montblanc','point_bahnhof_80','IMG_1748.JPG','Bahnhofstrasse 25','','www.montblanc.com','bahnhof4','01 04',''),(463,'La Serlas','point_bahnhof_81','IMG_1749.JPG','Bahnhofstrasse 25','','http://www.la-serlas.ch/','bahnhof4','00 22',''),(464,'Ermenegildo Zegna','point_bahnhof_82','IMG_1750.JPG','Bahnhofstrasse 25','','www.zegna.com','bahnhof4','01 24',''),(465,'Hermes','point_bahnhof_83','IMG_2023.JPG','Bahnhofstrasse 28A','','http://www.hermes.com/','bahnhof4','01 46',''),(466,'Marsano','point_bahnhof_84','IMG_2021.JPG IMG_2022.JPG','Bahnhofstrasse 28','','www.marsano.ch','bahnhof4','01 52',''),(467,'Turler','point_bahnhof_85','IMG_2020.JPG','Bahnhofstrasse 28','','www.tuerler.ch','bahnhof4','02 17',''),(468,'Marionnaud','point_bahnhof_86','IMG_2014.JPG','Bahnhofstrasse 24','','www.marionnaud.ch','bahnhof4','03 17',''),(469,'Jimmy Choo','point_bahnhof_87','IMG_2013.JPG','Bahnhofstrasse 22','','www.jimmychoo.com','bahnhof4','03 17',''),(470,'Tommy Hilfiger','point_bahnhof_88','IMG_2016.JPG','Bahnhofstrasse 22','','tommy.com','bahnhof4','03 17',''),(471,'Gross','point_bahnhof_89','IMG_2017.JPG','Bahnhofstrasse 20','','','bahnhof4','03 42',''),(472,'Osswald','point_bahnhof_90','IMG_2010.JPG','Bahnhofstrasse 17','','','bahnhof4','03 43',''),(473,'Rolex','point_bahnhof_91','IMG_2009.JPG','Bahnhofstrasse 17','','www.rolex.com','bahnhof4','03 45',''),(474,'Dior','point_bahnhof_92','IMG_2008.JPG','Bahnhofstrasse 13','','www.dior.com','bahnhof4','04 15',''),(475,'Weinberg','point_bahnhof_93','IMG_2007.JPG','Bahnhofstrasse 13','','www.weinberg.ch','bahnhof4','04 18',''),(476,'Bally','point_bahnhof_94','IMG_1998.JPG','Bahnhofstrasse 20','','http://www.bally.com/','bahnhof4','04 58',''),(477,'Prada','point_bahnhof_95','IMG_1997.JPG','Bahnhofstrasse 18','','http://www.prada.com','bahnhof4','05 47',''),(478,'Dolph Schmid','point_bahnhof_96','IMG_1999.JPG IMG_2000.JPG','Bahnhofstrasse 18','','www.dolphschmid.ch','bahnhof4','06 00',''),(479,'Saint-Phil','point_bahnhof_97','IMG_2001.JPG IMG_2002.JPG','Kappelergasse 15','','www.saint-phil.com','bahnhof4','06 21',''),(480,'Eric Bompard','point_bahnhof_98','IMG_2003.JPG IMG_2004.JPG','Kappelergasse 13','','www.eric-bompard.com','bahnhof4','06 32',''),(481,'Christian Fischbacher','point_bahnhof_99','IMG_2005.JPG','Kappelergasse 11','','http://www.fischbacher.com/','bahnhof4','07 03',''),(482,'Koch optik','point_bahnhof_100','IMG_1996.JPG','Bahnhofstrasse 11','','www.kochoptik.ch','bahnhof4','08 21',''),(483,'Stefano Ricci','point_bahnhof_101','IMG_1995.JPG','Bahnhofstrasse 14','','www.stefanoricci.com','bahnhof4','08 52',''),(484,'Tiffany','point_bahnhof_102','IMG_1994.JPG','Bahnhofstrasse 14','','tiffany.com','bahnhof4','09 12',''),(485,'Day','point_bahnhof_103','IMG_1993.JPG','Bahnhofstrasse 12','','http://www.day.ch','bahnhof4','09 14',''),(486,'Gilbert Albert','point_bahnhof_104','IMG_1992.JPG','Bahnhofstrasse 12','','www.gilbertalbert.com','bahnhof4','10 07',''),(487,'Weinberg','point_bahnhof_105','IMG_1990.JPG IMG_1989.JPG','Bahnhofstrasse 10','','www.weinberg.ch','bahnhof4','10 25',''),(488,'Wyssbrod','point_bahnhof_106','IMG_1987.JPG IMG_1988.JPG','Bahnhofstrasse 3','','www.wyssbrod.com','bahnhof4','10 37',''),(489,'Heimatwerk','point_bahnhof_107','IMG_1984.JPG IMG_1986.JPG','Bahnhofstrasse 2','','www.heimatwerk.ch','bahnhof4','10 49',''),(490,'Orange','point_lowen_51','2013-10-26 08.30.08.jpg','Löwenstrasse 69','','www.orange.ch','','',''),(491,'Ochsner Shoes','point_lowen_52','2013-10-26 08.29.35.jpg IMG_1853.JPG','Löwenstrasse 61','','www.ochsner-shoes.ch','','',''),(492,'Foto baren digital','point_lowen_53','2013-10-26 08.33.37.jpg','Löwenstrasse 57','','','','',''),(493,'Inter Discount','point_lowen_54','2013-10-26 08.42.08.jpg','Löwenstrasse 52','','www.interdiscount.ch','','',''),(494,'Fashion shoes','point_schutzen_01','2013-10-26 09.14.29.jpg IMG_1822.JPG','Schützengasse 4','','','','',''),(495,'Super Mauro','point_schutzen_02','2013-10-26 09.19.17.jpg IMG_1823.JPG','Waisenhausstrasse 5','','http://www.supermauro.ch/','','',''),(496,'Hot Heels','point_schutzen_03','2013-10-26 09.19.50.jpg','Bahnhofplatz 3','','www.hot-heels.ch','','',''),(497,'Ars Longa','point_schutzen_04','2013-10-26 09.20.11.jpg IMG_1824.JPG','Waisenhausstrasse 4','','www.arslonga.ch','','',''),(498,'Sunrise','point_schutzen_05','2013-10-26 09.21.09.jpg IMG_1825.JPG','Bahnhofplatz 4','','www1.sunrise.ch','','',''),(499,'Calida','point_usteris_01','IMG_2234.JPG','Löwenstrasse 49','','www.calida.com','lowenstrasse','02 32',''),(500,'Valentino Styling club','point_usteris_02','IMG_2233.JPG','Löwenstrasse 45','','','lowenstrasse','02 53',''),(501,'Leinenhaus','point_usteris_03','IMG_2241.JPG IMG_2242.JPG','Usteristrasse 17','','www.leinenhaus.ch','lowenstrasse','03 30',''),(502,'Perez','point_usteris_04','IMG_2243.JPG','Usteristrasse 17','','','','',''),(503,'Walder','point_usteris_05','IMG_2244.JPG IMG_2245.JPG','Usteristrasse 19','','www.walder.ch','lowenstrasse','03 56',''),(504,'Bernie\'s','point_usteris_06','IMG_2231.JPG IMG_2232.JPG','Usteristrasse 14','','www.bernies.ch','lowenstrasse','04 01',''),(505,'Mouton','point_usteris_07','IMG_2247.JPG','Usteristrasse 23','','','lowenstrasse','04 22',''),(506,'Pasito','point_usteris_08','IMG_2246.JPG','Usteristrasse 21','','','lowenstrasse','04 22',''),(507,'Mery\'s','point_lowen_50','IMG_2239.JPG IMG_2238.JPG','Löwenstrasse 55','','','lowenstrasse','00 56',''),(508,'Morgan','point_seiden_01','2013-10-26 10.44.24.jpg','Seidengasse 6','','http://www.morgandetoi.co.uk/','seidengasse','01 28',''),(509,'Botty','point_seiden_02','2013-10-26 10.48.15.jpg IMG_1794.JPG','Seidengasse 6','','','seidengasse','01 44',''),(510,'Lush','point_seiden_03','IMG_1833.JPG','Lintheschergasse 8','','www.lush-shop.ch','siedengasse','03 19',''),(511,'Schild','point_seiden_04','IMG_1835.JPG IMG_1834.JPG 2013-10-26 13.50.54.jpg','Lintheschergasse 7','','http://www.schild.ch/','seidengasse','03 32',''),(512,'Companys','point_seiden_05','IMG_1837.JPG 2013-10-26 13.58.01.jpg 2013-10-26 13.58.17.jpg','Usteristrasse 9','','www.companys.ch','siedengasse','04 00',''),(513,'Bernie\'s','point_seiden_06','IMG_1838.JPG 2013-10-26 13.59.14.jpg 2013-10-26 13.59.30.jpg  2013-10-26 13.59.51.jpg','Seidengasse 20','','http://www.bernies.ch/','seidengasse','04 00',''),(514,'Villeroy & Boch','point_seiden_07','2013-10-26 13.41.09.jpg','Seidengasse 13','','http://www.villeroy-boch.com/','','',''),(515,'Minelli','point_seiden_08','IMG_1839.JPG','Seidengasse 13','','','','',''),(516,'ClockHouse','point_seiden_09','IMG_1840.JPG','Seidengasse 13','','www.clockhouse.ch','','',''),(517,'Pasito','point_lowen_101','IMG_1866.JPG IMG_1867.JPG','Löwenstrasse 37','','','','','');
/*!40000 ALTER TABLE `Point` ENABLE KEYS */;
UNLOCK TABLES;

--
-- Table structure for table `Point2commodity`
--

DROP TABLE IF EXISTS `Point2commodity`;
/*!40101 SET @saved_cs_client     = @@character_set_client */;
/*!40101 SET character_set_client = utf8 */;
CREATE TABLE `Point2commodity` (
  `point_id` int(11) NOT NULL,
  `commodity_id` int(11) NOT NULL,
  KEY `point_id` (`point_id`),
  KEY `commodity_id` (`commodity_id`)
) ENGINE=MyISAM DEFAULT CHARSET=utf8 COLLATE=utf8_bin PACK_KEYS=0;
/*!40101 SET character_set_client = @saved_cs_client */;

--
-- Dumping data for table `Point2commodity`
--

LOCK TABLES `Point2commodity` WRITE;
/*!40000 ALTER TABLE `Point2commodity` DISABLE KEYS */;
INSERT INTO `Point2commodity` VALUES (7,11),(7,10),(7,7),(7,6),(7,8),(8,18),(8,19),(9,20),(9,21),(9,22),(10,13),(10,16),(11,24),(11,25),(12,24),(12,28),(13,30),(13,31),(14,32),(15,33),(16,34),(16,35),(16,36),(16,37),(17,24),(17,28),(18,39),(18,38),(19,42),(19,40),(19,41),(20,13),(20,43),(21,6),(21,14),(21,17),(21,43),(21,44),(22,45),(23,27),(23,24),(23,26),(24,47),(24,46),(25,37),(25,27),(25,24),(25,26),(26,9),(26,10),(27,9),(27,8),(27,17),(27,35),(27,48),(28,47),(28,22),(28,49),(29,50),(30,51),(31,38),(31,39),(32,26),(32,34),(32,36),(32,37),(33,55),(34,20),(34,35),(34,26),(35,42),(35,56),(36,57),(37,26),(37,25),(38,59),(38,58),(39,35),(39,34),(39,36),(39,24),(39,37),(39,60),(40,53),(41,62),(41,63),(41,64),(42,54),(42,45),(43,60),(43,26),(43,36),(43,10),(44,53),(44,56),(45,29),(45,25),(45,11),(45,17),(46,43),(46,14),(46,17),(46,11),(46,6),(46,7),(47,34),(47,36),(47,24),(47,26),(47,10),(47,7),(48,9),(48,8),(48,6),(48,7),(48,10),(48,11),(48,14),(48,17),(48,68),(49,8),(49,7),(49,11),(49,17),(49,37),(49,9),(50,8),(50,6),(50,7),(50,10),(50,11),(50,34),(50,35),(50,36),(51,36),(51,60),(51,41),(52,24),(52,25),(52,28),(52,29),(53,9),(53,6),(53,7),(53,10),(53,14),(53,17),(53,12),(53,69),(53,67),(54,8),(54,6),(54,11),(54,17),(54,60),(54,36),(55,56),(55,26),(55,71),(55,7),(56,24),(56,8),(56,6),(56,11),(56,17),(56,34),(56,36),(56,37),(57,72),(58,56),(59,9),(59,8),(59,6),(59,7),(59,10),(59,11),(59,34),(59,36),(60,73),(61,9),(61,8),(61,6),(61,10),(61,11),(61,13),(61,17),(61,43),(61,24),(61,73),(61,40),(62,60),(62,26),(62,65),(62,66),(63,9),(63,8),(63,7),(63,10),(63,11),(63,48),(63,68),(64,9),(64,24),(64,26),(64,34),(64,35),(64,36),(64,60),(65,43),(65,9),(65,8),(65,6),(65,7),(65,10),(65,11),(65,17),(65,13),(66,60),(66,20),(66,22),(67,13),(67,43),(67,68),(68,26),(68,8),(68,36),(68,7),(68,11),(69,24),(69,25),(69,28),(69,29),(70,36),(70,26),(70,24),(70,25),(71,9),(71,8),(71,7),(71,10),(71,12),(71,71),(71,6),(71,42),(71,73),(72,24),(72,25),(72,28),(72,67),(72,66),(73,51),(74,73),(74,74),(75,25),(75,36),(75,37),(75,70),(75,11),(75,76),(76,24),(76,25),(76,28),(76,29),(77,24),(77,28),(77,13),(77,14),(78,13),(78,14),(78,28),(78,40),(78,68),(79,26),(79,34),(79,36),(80,9),(80,8),(80,6),(80,7),(80,11),(80,17),(80,42),(80,26),(80,71),(80,40),(81,6),(81,11),(81,17),(81,27),(81,26),(82,9),(82,8),(82,6),(82,10),(82,11),(82,13),(82,17),(82,68),(82,26),(82,71),(82,43),(82,7),(83,72),(83,8),(83,6),(83,40),(83,68),(83,35),(83,48),(84,71),(84,68),(84,6),(84,11),(84,40),(84,48),(85,6),(85,7),(85,26),(85,20),(85,66),(86,26),(86,37),(86,27),(87,10),(87,35),(87,11),(87,76),(88,77),(88,34),(88,66),(89,73),(89,60),(89,36),(89,34),(89,24),(89,76),(89,37),(90,73),(90,60),(90,26),(90,27),(90,7),(91,7),(91,11),(91,17),(91,68),(92,10),(92,73),(92,9),(92,8),(92,6),(92,7),(93,24),(93,28),(93,36),(93,29),(93,68),(94,73),(95,40),(95,24),(95,35),(95,36),(96,10),(96,36),(96,24),(96,25),(96,35),(96,60),(97,24),(97,25),(97,28),(97,29),(98,74),(99,13),(100,78),(101,24),(101,25),(101,28),(101,29),(101,35),(101,48),(101,8),(101,6),(101,7),(101,11),(101,17),(102,6),(102,11),(102,17),(102,35),(103,9),(103,8),(103,6),(103,11),(103,13),(103,17),(103,7),(103,10),(103,43),(104,12),(104,13),(104,43),(105,26),(105,24),(105,25),(105,28),(105,29),(106,36),(106,24),(106,25),(107,26),(107,24),(107,25),(108,77),(108,55),(109,18),(109,19),(109,79),(109,80),(110,9),(110,8),(110,6),(110,7),(110,10),(110,11),(110,17),(110,34),(110,36),(110,43),(110,13),(111,8),(111,6),(111,7),(111,10),(111,11),(111,17),(111,35),(111,24),(111,25),(111,26),(112,34),(112,36),(112,26),(112,60),(112,9),(113,56),(114,24),(114,25),(114,28),(114,29),(114,48),(115,12),(115,13),(115,43),(116,25),(116,68),(116,35),(116,48),(117,68),(117,9),(117,7),(117,10),(117,26),(117,34),(117,36),(117,37),(117,60),(117,70),(117,76),(117,35),(118,6),(118,10),(118,52),(118,81),(118,82),(119,26),(119,27),(120,46),(121,26),(121,34),(121,36),(121,37),(121,60),(121,66),(121,76),(122,28),(122,29),(122,48),(122,67),(122,69),(122,71),(122,75),(123,8),(123,6),(123,7),(123,17),(123,36),(123,37),(123,60),(123,76),(124,74),(125,37),(125,60),(126,53),(126,31),(126,30),(127,26),(127,71),(127,10),(127,24),(127,28),(128,83),(128,30),(128,53),(129,24),(129,25),(129,26),(129,27),(130,34),(130,36),(130,76),(130,77),(130,8),(130,6),(130,7),(130,11),(130,17),(131,26),(131,34),(131,36),(131,37),(131,60),(131,66),(131,76),(131,9),(131,8),(131,6),(131,7),(131,10),(131,12),(131,13),(131,17),(131,73),(132,53),(132,31),(132,83),(133,43),(133,9),(133,8),(133,6),(133,17),(134,26),(134,34),(134,36),(135,73),(135,26),(135,20),(135,34),(135,35),(135,36),(135,37),(135,60),(135,70),(135,76),(136,20),(136,52),(136,21),(136,26),(137,26),(137,27),(138,34),(138,36),(138,49),(138,66),(139,84),(139,21),(139,52),(139,22),(139,37),(140,42),(140,84),(141,81),(141,78),(142,74),(143,32),(144,24),(144,25),(144,28),(144,29),(145,53),(146,8),(145,30),(145,31),(145,83),(146,6),(146,7),(146,11),(146,12),(146,17),(146,10),(147,24),(147,34),(147,35),(147,36),(147,37),(147,60),(147,66),(147,76),(148,34),(148,35),(148,36),(148,37),(148,60),(148,76),(148,85),(148,26),(149,73),(149,74),(150,26),(150,60),(150,37),(150,6),(150,8),(150,17),(150,9),(150,24),(150,34),(150,36),(150,70),(150,76),(150,85),(151,9),(151,8),(151,6),(151,7),(151,10),(151,11),(151,13),(151,17),(151,24),(151,26),(151,34),(151,35),(151,60),(152,26),(152,34),(152,36),(152,37),(152,60),(152,76),(152,85),(153,48),(153,69),(153,8),(153,6),(153,7),(153,11),(153,17),(153,26),(153,34),(153,35),(153,60),(154,26),(154,25),(154,35),(154,9),(154,76),(154,11),(155,24),(155,25),(155,28),(155,29),(156,8),(156,6),(156,10),(156,11),(156,14),(156,17),(156,40),(156,68),(156,72),(157,28),(157,29),(157,48),(157,67),(157,69),(157,75),(158,26),(158,27),(158,34),(158,36),(158,37),(158,60),(158,76),(158,85),(158,78),(159,51),(160,24),(160,25),(160,28),(160,29),(160,26),(160,71),(161,28),(161,48),(161,67),(161,69),(161,71),(161,75),(162,9),(162,8),(162,6),(162,7),(162,10),(162,11),(162,17),(162,35),(162,48),(163,67),(163,69),(163,71),(163,75),(163,8),(163,7),(163,10),(163,11),(163,17),(164,9),(164,7),(164,10),(164,12),(164,8),(164,73),(164,68),(165,11),(165,7),(165,6),(165,17),(165,10),(166,6),(165,35),(165,48),(166,11),(166,14),(166,17),(166,29),(166,35),(166,40),(166,41),(166,44),(166,48),(166,68),(166,72),(167,60),(167,35),(167,34),(169,18),(168,24),(168,25),(168,26),(169,57),(169,19),(169,80),(170,11),(170,36),(170,35),(171,34),(171,36),(171,60),(171,35),(170,76),(172,24),(172,25),(172,28),(172,29),(173,19),(173,80),(173,18),(174,86),(175,26),(175,35),(175,34),(175,36),(175,37),(175,60),(176,52),(176,22),(176,20),(176,88),(177,87),(177,46),(178,46),(179,24),(179,25),(179,28),(179,29),(179,26),(179,73),(180,72),(180,68),(180,8),(180,6),(180,10),(180,11),(180,14),(180,17),(180,40),(181,90),(181,89),(182,63),(182,91),(183,80),(183,18),(183,19),(184,74),(185,71),(185,67),(185,65),(185,10),(186,8),(186,11),(186,14),(186,17),(186,85),(186,76),(186,65),(186,60),(187,35),(187,48),(187,9),(187,8),(187,6),(187,7),(187,10),(187,11),(187,17),(188,24),(188,25),(188,26),(188,27),(188,34),(188,35),(188,36),(188,37),(188,60),(188,66),(188,70),(188,76),(188,85),(189,9),(189,8),(189,7),(189,10),(189,11),(189,17),(189,35),(189,48),(190,43),(190,24),(190,25),(190,28),(190,29),(190,66),(190,67),(191,24),(191,25),(191,28),(191,29),(191,26),(192,24),(192,28),(193,92),(194,79),(194,80),(194,9),(194,8),(194,6),(194,7),(194,10),(194,11),(194,17),(194,16),(194,18),(194,24),(194,26),(194,27),(194,28),(194,34),(194,36),(194,37),(194,41),(194,42),(194,57),(194,60),(194,65),(194,66),(194,67),(194,68),(194,71),(194,75),(194,76),(194,77),(194,85),(194,90),(195,47),(195,58),(195,59),(195,64),(196,73),(196,74),(197,93),(198,24),(198,25),(199,26),(199,24),(199,27),(199,34),(199,35),(199,36),(199,37),(199,60),(199,66),(199,76),(199,85),(199,22),(199,52),(200,13),(200,43),(201,42),(201,56),(201,84),(202,8),(202,6),(202,13),(202,44),(203,67),(204,51),(203,75),(203,90),(204,93),(205,8),(205,6),(205,13),(205,43),(205,9),(205,11),(206,26),(206,9),(206,11),(206,35),(206,48),(206,14),(207,58),(207,59),(207,47),(208,50),(209,28),(209,48),(209,67),(209,69),(209,71),(209,75),(209,90),(210,94),(211,67),(211,75),(211,90),(211,95),(211,66),(212,50),(212,47),(213,96),(214,11),(214,24),(214,26),(214,34),(214,35),(214,36),(214,37),(214,60),(214,66),(214,76),(214,85),(215,26),(215,34),(215,35),(215,36),(215,37),(216,7),(216,11),(216,17),(216,35),(216,48),(216,9),(216,14),(217,97),(218,24),(218,25),(218,28),(218,29),(218,26),(219,59),(219,58),(219,47),(219,62),(219,91),(220,63),(220,91),(220,64),(221,24),(221,25),(221,28),(221,29),(222,24),(222,26),(222,35),(223,26),(223,27),(223,24),(223,28),(224,98),(225,26),(225,34),(225,35),(225,36),(225,37),(225,60),(226,46),(227,98),(229,24),(228,26),(228,34),(228,35),(228,36),(228,37),(228,60),(228,76),(229,25),(229,26),(230,24),(230,13),(231,26),(231,35),(231,76),(232,97),(233,51),(233,93),(234,36),(234,76),(234,11),(235,34),(235,35),(235,60),(235,70),(235,76),(236,13),(236,71),(236,43),(236,6),(237,24),(237,25),(237,28),(237,29),(238,73),(238,74),(239,48),(239,69),(239,71),(239,75),(239,90),(239,67),(240,35),(240,48),(241,70),(241,76),(241,85),(241,27),(241,35),(241,36),(241,37),(241,60),(242,28),(242,67),(242,71),(242,10),(243,37),(243,76),(243,77),(244,56),(244,31),(244,30),(245,73),(245,74),(246,9),(246,8),(246,6),(246,7),(246,10),(246,11),(246,17),(246,35),(246,48),(247,79),(246,24),(246,28),(248,24),(248,26),(248,27),(248,37),(248,60),(250,71),(249,74),(250,24),(250,28),(250,37),(251,73),(251,74),(252,72),(252,40),(252,35),(252,48),(252,25),(252,29),(253,56),(254,9),(254,8),(254,7),(254,10),(254,48),(255,48),(255,35),(255,72),(255,68),(256,24),(256,25),(256,28),(256,29),(255,6),(257,6),(257,11),(257,12),(257,99),(258,9),(258,76),(258,85),(258,26),(258,36),(258,37),(258,60),(259,100),(260,77),(261,47),(261,76),(262,91),(262,47),(262,101),(263,26),(263,27),(264,77),(265,35),(266,35),(266,37),(266,60),(267,20),(267,30),(267,52),(267,53),(267,22),(267,31),(268,83),(268,53),(268,31),(268,30),(269,35),(270,27),(269,76),(269,9),(269,68),(270,20),(270,21),(270,37),(270,26),(270,30),(270,83),(271,53),(271,31),(271,83),(269,26),(269,37),(272,10),(272,26),(272,27),(273,102),(274,25),(274,26),(274,60),(274,37),(275,47),(276,34),(276,36),(277,26),(277,78),(278,53),(278,30),(279,24),(279,25),(279,26),(279,65),(280,67),(281,77),(282,26),(282,34),(282,36),(282,76),(283,26),(283,34),(283,36),(283,76),(283,85),(283,103),(284,30),(284,31),(285,34),(285,36),(285,76),(285,66),(286,11),(286,65),(286,68),(286,60),(286,104),(288,73),(288,20),(288,21),(289,36),(289,26),(289,66),(290,66),(290,25),(290,26),(290,105),(291,98),(292,30),(292,53),(292,31),(292,83),(293,26),(293,37),(293,22),(293,20),(294,75),(294,90),(294,67),(294,24),(294,34),(294,36),(294,35),(294,48),(295,67),(295,69),(295,75),(295,90),(295,104),(295,34),(295,35),(295,103),(295,76),(296,47),(296,35),(296,37),(296,106),(297,106),(298,38),(298,107),(299,10),(299,7),(299,9),(299,8),(299,26),(299,36),(299,76),(300,35),(300,24),(300,34),(300,36),(300,37),(300,60),(301,50),(302,90),(302,104),(302,65),(302,99),(303,56),(303,53),(303,30),(303,31),(304,73),(304,74),(305,22),(305,31),(305,20),(305,30),(305,52),(305,53),(306,36),(306,35),(307,102),(307,108),(308,24),(308,26),(309,35),(310,34),(310,35),(310,36),(310,37),(310,60),(310,76),(310,85),(310,103),(311,30),(311,53),(312,60),(312,104),(312,11),(312,65),(313,30),(313,31),(314,36),(315,11),(315,35),(315,36),(315,76),(315,85),(315,103),(316,24),(316,25),(316,28),(316,29),(316,26),(317,38),(318,24),(318,36),(318,76),(318,85),(318,103),(318,26),(319,47),(319,101),(319,64),(320,11),(320,8),(320,9),(320,6),(320,17),(320,103),(321,9),(321,6),(321,7),(321,11),(321,28),(322,26),(322,27),(323,26),(323,37),(323,76),(323,85),(323,109),(323,73),(323,84),(324,110),(324,85),(325,26),(325,34),(325,35),(325,36),(325,37),(325,85),(326,78),(326,81),(327,24),(327,25),(327,28),(328,35),(328,48),(328,24),(328,28),(329,9),(329,8),(329,6),(329,7),(329,10),(329,11),(329,17),(329,26),(329,73),(330,53),(330,83),(330,31),(330,30),(330,56),(331,67),(331,71),(331,10),(332,26),(332,35),(333,111),(334,53),(334,31),(334,30),(335,77),(336,112),(336,77),(337,24),(338,24),(338,26),(338,37),(339,24),(340,47),(341,19),(341,18),(341,57),(342,30),(342,31),(342,53),(343,46),(344,24),(344,25),(344,28),(344,29),(344,26),(345,35),(345,70),(346,98),(347,53),(347,30),(348,35),(348,37),(348,60),(348,70),(349,109),(350,24),(350,25),(350,28),(350,29),(350,10),(351,53),(351,56),(351,31),(351,30),(352,53),(352,30),(352,31),(352,56),(353,36),(353,26),(353,75),(353,60),(353,104),(354,98),(355,70),(355,85),(355,101),(355,26),(356,96),(357,37),(357,60),(357,113),(358,65),(358,60),(358,104),(358,11),(358,68),(358,76),(359,76),(359,35),(359,11),(359,68),(359,60),(359,20),(360,101),(360,91),(361,53),(361,31),(362,35),(362,48),(362,26),(363,111),(362,68),(362,65),(364,114),(365,77),(366,115),(367,47),(367,61),(368,45),(368,47),(368,26),(368,71),(369,30),(370,114),(371,100),(372,26),(372,105),(372,37),(372,35),(372,48),(373,56),(372,98),(374,36),(375,116),(376,26),(376,34),(376,36),(376,37),(376,76),(376,85),(376,103),(377,26),(377,36),(378,7),(378,10),(378,11),(378,26),(378,27),(378,34),(378,35),(378,36),(378,48),(378,60),(378,65),(378,69),(378,70),(378,71),(378,75),(378,76),(378,85),(379,73),(378,103),(378,104),(378,105),(378,110),(379,74),(380,81),(380,78),(381,24),(381,25),(381,26),(382,116),(383,77),(383,117),(384,48),(384,9),(384,68),(384,75),(384,69),(385,35),(385,36),(385,37),(385,60),(385,76),(385,85),(385,103),(386,56),(386,53),(387,56),(388,76),(388,110),(388,68),(388,60),(389,56),(390,24),(390,26),(391,24),(391,26),(391,27),(391,34),(391,35),(391,36),(391,37),(391,60),(391,70),(391,76),(391,85),(391,103),(392,30),(392,31),(392,53),(392,56),(393,35),(393,48),(393,71),(393,90),(393,8),(393,6),(393,11),(394,47),(394,59),(394,58),(395,77),(394,45),(396,57),(396,18),(396,19),(397,90),(397,60),(397,118),(398,77),(399,26),(399,24),(399,35),(399,76),(399,36),(399,103),(400,90),(400,118),(401,35),(401,48),(401,6),(401,7),(401,76),(402,36),(402,37),(402,76),(402,85),(402,103),(402,110),(403,26),(403,27),(403,49),(403,109),(404,100),(405,24),(405,28),(405,26),(406,19),(406,57),(406,79),(407,48),(407,69),(407,90),(408,26),(408,27),(408,34),(408,36),(408,60),(408,76),(408,85),(408,103),(408,109),(406,119),(409,119),(409,79),(410,73),(410,74),(411,42),(411,56),(412,119),(412,80),(412,57),(413,26),(413,27),(413,34),(413,36),(413,37),(413,60),(413,76),(413,85),(413,103),(413,24),(414,26),(414,27),(414,34),(414,35),(414,36),(414,37),(414,49),(414,60),(414,66),(414,70),(414,76),(414,85),(414,103),(414,105),(414,109),(414,110),(415,9),(415,6),(415,73),(415,28),(415,10),(415,11),(415,17),(415,24),(415,65),(415,103),(415,110),(415,42),(416,24),(416,26),(416,27),(416,35),(416,36),(416,66),(416,76),(416,85),(416,103),(416,110),(417,120),(417,121),(109,119),(418,79),(418,119),(418,18),(418,80),(420,42),(420,56),(420,84),(421,35),(421,6),(421,110),(421,9),(421,68),(422,68),(422,26),(422,37),(422,76),(422,103),(422,110),(423,119),(423,34),(423,36),(423,103),(423,35),(423,60),(423,76),(423,110),(423,79),(424,9),(424,8),(424,6),(424,11),(424,13),(424,14),(424,17),(425,109),(425,36),(425,76),(425,60),(425,103),(425,26),(425,85),(425,34),(425,27),(426,9),(426,7),(427,77),(428,9),(428,6),(428,7),(428,36),(428,37),(428,60),(428,76),(428,110),(429,24),(429,25),(429,28),(429,29),(429,26),(430,76),(430,110),(430,24),(430,28),(431,9),(431,8),(431,6),(431,7),(431,10),(431,36),(431,34),(432,100),(431,48),(433,56),(433,30),(433,31),(433,53),(434,38),(435,34),(435,35),(435,36),(435,70),(435,76),(435,85),(435,103),(436,118),(436,71),(436,90),(436,122),(437,35),(437,48),(437,26),(437,71),(437,6),(437,10),(437,11),(437,17),(438,51),(438,93),(439,56),(440,81),(440,78),(441,27),(441,26),(441,24),(442,8),(442,6),(442,10),(442,11),(442,13),(442,40),(442,41),(442,43),(442,44),(442,72),(443,26),(443,24),(443,25),(444,56),(445,56),(445,31),(445,30),(445,83),(445,53),(446,8),(446,6),(446,7),(446,11),(446,26),(446,24),(446,27),(446,28),(446,35),(446,36),(446,37),(446,66),(446,67),(446,76),(446,85),(447,9),(447,8),(447,6),(447,7),(447,11),(447,17),(447,35),(447,48),(448,100),(449,28),(449,75),(449,90),(449,118),(449,35),(449,48),(449,26),(449,66),(450,67),(450,69),(450,75),(450,90),(450,118),(451,56),(451,53),(451,31),(451,30),(452,24),(452,25),(452,26),(452,27),(452,35),(453,24),(453,26),(453,27),(453,34),(453,35),(453,36),(453,60),(453,66),(453,76),(453,85),(453,110),(454,9),(454,6),(454,7),(454,11),(454,35),(454,36),(454,76),(454,110),(454,48),(454,24),(454,28),(455,56),(456,24),(456,25),(456,26),(456,27),(456,35),(456,37),(456,60),(456,66),(456,76),(457,109),(459,18),(459,19),(459,80),(459,119),(459,79),(460,56),(460,30),(461,9),(461,8),(461,6),(461,7),(461,10),(461,11),(461,12),(461,28),(461,34),(461,36),(461,73),(461,76),(461,85),(461,110),(462,71),(462,56),(462,122),(462,79),(462,73),(462,53),(463,31),(463,30),(464,73),(464,71),(464,28),(464,48),(464,67),(464,69),(464,75),(464,90),(464,118),(465,67),(465,71),(465,8),(465,6),(466,50),(465,10),(465,90),(465,66),(465,24),(465,28),(467,56),(468,79),(468,119),(468,18),(468,80),(469,24),(469,26),(470,9),(470,8),(470,6),(470,7),(470,10),(470,11),(470,12),(470,13),(470,17),(469,73),(471,24),(471,26),(471,27),(471,34),(471,35),(471,36),(471,37),(471,60),(471,66),(471,70),(471,76),(471,85),(471,103),(471,110),(472,79),(473,56),(474,36),(474,49),(474,66),(475,28),(475,48),(475,67),(475,69),(475,71),(475,75),(475,90),(475,104),(475,118),(476,26),(476,71),(476,66),(476,67),(476,27),(476,65),(477,35),(477,48),(477,26),(477,71),(477,36),(477,66),(477,67),(477,34),(478,28),(478,48),(478,67),(478,75),(478,90),(478,104),(478,118),(478,34),(478,36),(478,103),(478,76),(478,85),(479,66),(480,110),(480,103),(480,60),(480,68),(481,101),(481,123),(481,124),(481,125),(482,73),(482,74),(483,9),(483,69),(483,90),(483,10),(483,48),(484,53),(484,31),(484,83),(484,30),(485,11),(485,26),(485,48),(485,8),(485,118),(485,34),(485,36),(485,103),(485,76),(485,35),(486,30),(486,31),(486,53),(487,24),(487,26),(487,27),(487,34),(487,35),(487,36),(487,37),(487,60),(487,66),(487,70),(487,76),(487,103),(487,105),(487,110),(488,26),(488,35),(489,47),(489,26),(489,68),(489,24),(489,27),(490,51),(490,93),(491,24),(491,25),(491,28),(491,29),(492,111),(493,126),(494,26),(494,24),(494,25),(494,28),(494,29),(495,24),(496,24),(498,51),(497,78),(498,93),(499,77),(499,127),(500,18),(500,128),(501,125),(501,101),(502,20),(503,24),(503,28),(504,28),(504,48),(504,71),(504,90),(504,104),(505,35),(506,26),(506,24),(506,25),(507,95),(508,24),(508,26),(508,35),(508,36),(508,76),(508,85),(508,103),(508,110),(509,24),(509,25),(509,28),(509,29),(510,57),(510,18),(511,9),(511,8),(511,6),(511,7),(511,10),(511,11),(511,17),(511,35),(511,48),(512,9),(512,8),(512,6),(512,7),(512,10),(512,11),(512,35),(512,48),(513,28),(513,48),(513,67),(513,69),(513,71),(513,75),(513,90),(513,104),(513,118),(514,47),(514,129),(515,26),(515,24),(515,25),(516,9),(516,8),(516,6),(516,7),(516,10),(516,11),(516,14),(516,17),(516,35),(516,48),(517,26),(517,24),(517,25);
/*!40000 ALTER TABLE `Point2commodity` ENABLE KEYS */;
UNLOCK TABLES;
/*!40103 SET TIME_ZONE=@OLD_TIME_ZONE */;

/*!40101 SET SQL_MODE=@OLD_SQL_MODE */;
/*!40014 SET FOREIGN_KEY_CHECKS=@OLD_FOREIGN_KEY_CHECKS */;
/*!40014 SET UNIQUE_CHECKS=@OLD_UNIQUE_CHECKS */;
/*!40101 SET CHARACTER_SET_CLIENT=@OLD_CHARACTER_SET_CLIENT */;
/*!40101 SET CHARACTER_SET_RESULTS=@OLD_CHARACTER_SET_RESULTS */;
/*!40101 SET COLLATION_CONNECTION=@OLD_COLLATION_CONNECTION */;
/*!40111 SET SQL_NOTES=@OLD_SQL_NOTES */;

-- Dump completed on 2014-04-18 12:22:03
